listing_id,listed_date,district,size_m2,rooms,final_price_eur,price_nok
100405,2023-04-12,Laksevåg,118.0,5.0,567190.0,6522000.0
101190,2023-10-25,Sentrum,140.0,5.0,972144.0,11179000.0
101132,2023-10-11,Sentrum,84.0,4.0,586888.0,6749000.0
100731,2023-07-02,Åsane,69.0,2.0,351700.0,4044000.0
101754,2024-03-14,Laksevåg,90.0,6.0,390355.0,4489000.0
101178,2023-10-22,Laksevåg,129.0,6.0,623071.0,7165000.0
101533,2024-01-19,Arna,77.0,3.0,321853.0,3701000.0
101303,2023-11-22,Laksevåg,79.0,3.0,399740.0,4596000.0
101857,2024-04-09,Arna,64.0,2.0,252034.0,2899000.0
100018,2023-01-05,Åsane,102.0,4.0,510705.0,5873000.0
101266,2023-11-13,Fana,56.0,2.0,292819.0,3368000.0
101543,2024-01-21,Arna,98.0,2.0,440891.0,5070000.0
100249,2023-03-04,Sentrum,53.0,2.0,368409.0,4238000.0
100191,2023-02-17,Fana,51.0,4.0,262332.0,3016000.0
100721,2023-06-30,Laksevåg,100.0,5.0,385011.0,4427000.0
101896,2024-04-19,Fana,49.0,3.0,281903.0,3242000.0
100452,2023-04-24,Åsane,115.0,4.0,568812.0,6541000.0
101947,2024-05-01,Arna,51.0,3.0,189829.0,2182000.0
101544,2024-01-22,Åsane,113.0,3.0,536124.0,6165000.0
101205,2023-10-29,Sentrum,44.0,1.0,244750.0,2814000.0
101905,2024-04-21,Laksevåg,85.0,3.0,393100.0,4521000.0
101235,2023-11-05,Sentrum,136.0,5.0,876515.0,10080000.0
100799,2023-07-19,Arna,93.0,4.0,405536.0,4663000.0
101594,2024-02-03,Fana,43.0,2.0,208300.0,2395000.0
101091,2023-09-30,Fana,138.0,7.0,791169.0,9098000.0
101357,2023-12-06,Arna,141.0,4.0,565339.0,6502000.0
100479,2023-04-30,Sentrum,104.0,4.0,695918.0,8003000.0
101148,2023-10-15,Sentrum,118.0,5.0,794108.0,9132000.0
100511,2023-05-08,Laksevåg,94.0,3.0,525886.0,6048000.0
101931,2024-04-27,Åsane,144.0,6.0,668167.0,7683000.0
101257,2023-11-11,Sentrum,67.0,4.0,492117.0,5659000.0
101105,2023-10-04,Arna,132.0,5.0,513278.0,5903000.0
101938,2024-04-29,Åsane,52.0,1.0,318266.0,3660000.0
101750,2024-03-13,Sentrum,108.0,5.0,686507.0,7895000.0
101058,2023-09-22,Fana,103.0,4.0,609683.0,7011000.0
100427,2023-04-17,Laksevåg,85.0,3.0,385093.0,4429000.0
101025,2023-09-14,Arna,138.0,5.0,560569.0,6446000.0
100156,2023-02-09,Sentrum,99.0,3.0,637431.0,7330000.0
100491,2023-05-03,Arna,94.0,2.0,375639.0,4320000.0
100995,2023-09-06,Sentrum,146.0,4.0,1010722.0,11622000.0
100027,2023-01-07,Fana,62.0,4.0,295830.0,3403000.0
101326,2023-11-28,Åsane,100.0,2.0,548903.0,6312000.0
101239,2023-11-06,Åsane,51.0,3.0,216225.0,2487000.0
100017,2023-01-05,Fana,81.0,3.0,481558.0,5537000.0
101622,2024-02-10,Åsane,117.0,5.0,540029.0,6211000.0
100519,2023-05-10,Åsane,86.0,2.0,394444.0,4537000.0
100361,2023-04-01,Arna,150.0,5.0,590678.0,6792000.0
100289,2023-03-14,Åsane,112.0,5.0,565556.0,6503000.0
101790,2024-03-23,Sentrum,45.0,3.0,269141.0,3095000.0
101135,2023-10-11,Åsane,109.0,6.0,485893.0,5588000.0
101549,2024-01-23,Laksevåg,105.0,6.0,460681.0,5298000.0
101327,2023-11-28,Laksevåg,90.0,3.0,412910.0,4749000.0
100076,2023-01-20,Laksevåg,70.0,4.0,333402.0,3834000.0
100579,2023-05-25,Arna,69.0,4.0,279487.0,3214000.0
100279,2023-03-11,Åsane,133.0,5.0,635003.0,7303000.0
100935,2023-08-22,Fana,59.0,2.0,323453.0,3719000.0
100475,2023-04-29,Fana,132.0,6.0,707781.0,8139000.0
101786,2024-03-22,Åsane,121.0,5.0,548786.0,6311000.0
101023,2023-09-13,Laksevåg,80.0,3.0,325255.0,3740000.0
101556,2024-01-25,Arna,146.0,5.0,638203.0,7339000.0
100842,2023-07-30,Arna,87.0,3.0,367487.0,4226000.0
101522,2024-01-16,Arna,78.0,2.0,340837.0,3920000.0
101108,2023-10-05,Åsane,120.0,4.0,564132.0,6487000.0
101369,2023-12-09,Arna,154.0,6.0,676491.0,7779000.0
100047,2023-01-12,Sentrum,149.0,6.0,1028153.0,11824000.0
100794,2023-07-18,Sentrum,114.0,4.0,776747.0,8933000.0
100918,2023-08-18,Arna,62.0,1.0,231990.0,2667000.0
101220,2023-11-02,Laksevåg,39.0,3.0,193289.0,2222000.0
100506,2023-05-07,Sentrum,90.0,4.0,611118.0,7028000.0
100353,2023-03-30,Fana,64.0,3.0,288974.0,3324000.0
100276,2023-03-11,Sentrum,91.0,4.0,613603.0,7057000.0
100881,2023-08-09,Arna,106.0,5.0,465152.0,5349000.0
101835,2024-04-03,Arna,70.0,3.0,339185.0,3901000.0
101703,2024-03-01,Åsane,111.0,5.0,554143.0,6373000.0
100333,2023-03-25,Laksevåg,83.0,3.0,400224.0,4603000.0
101616,2024-02-09,Sentrum,58.0,2.0,407916.0,4691000.0
100135,2023-02-03,Sentrum,121.0,4.0,858469.0,9871000.0
100182,2023-02-15,Sentrum,108.0,6.0,771874.0,8877000.0
101761,2024-03-16,Sentrum,105.0,5.0,744769.0,8565000.0
101501,2024-01-11,Laksevåg,72.0,4.0,278183.0,3199000.0
100930,2023-08-21,Arna,85.0,3.0,338733.0,3895000.0
100107,2023-01-27,Laksevåg,109.0,5.0,491406.0,5651000.0
100390,2023-04-08,Fana,114.0,4.0,659054.0,7581000.0
101165,2023-10-19,Åsane,68.0,3.0,367026.0,4220000.0
101698,2024-02-29,Åsane,51.0,3.0,278289.0,3200000.0
100262,2023-03-07,Åsane,58.0,2.0,272419.0,3133000.0
101732,2024-03-09,Åsane,100.0,5.0,505385.0,5812000.0
100260,2023-03-07,Fana,69.0,2.0,422906.0,4864000.0
100487,2023-05-02,Åsane,80.0,1.0,385893.0,4439000.0
100303,2023-03-17,Laksevåg,20.0,1.0,86121.0,991000.0
100053,2023-01-14,Åsane,110.0,4.0,477978.0,5497000.0
101015,2023-09-11,Laksevåg,70.0,3.0,315216.0,3625000.0
100148,2023-02-07,Arna,66.0,2.0,250296.0,2878000.0
101442,2023-12-27,Laksevåg,62.0,2.0,238748.0,2745000.0
101580,2024-01-31,Fana,138.0,4.0,731797.0,8415000.0
101999,2024-05-14,Arna,101.0,3.0,409948.0,4714000.0
101927,2024-04-26,Sentrum,86.0,3.0,558377.0,6420000.0
100080,2023-01-21,Sentrum,96.0,3.0,652261.0,7501000.0
101854,2024-04-08,Arna,52.0,4.0,225341.0,2592000.0
100264,2023-03-08,Arna,90.0,3.0,308083.0,3542000.0
101979,2024-05-09,Sentrum,80.0,4.0,565608.0,6504000.0
101273,2023-11-15,Arna,92.0,3.0,387282.0,4453000.0
100538,2023-05-15,Fana,56.0,2.0,328888.0,3782000.0
101529,2024-01-18,Arna,121.0,4.0,543564.0,6252000.0
100037,2023-01-10,Laksevåg,86.0,3.0,408232.0,4695000.0
100896,2023-08-13,Åsane,130.0,4.0,638792.0,7346000.0
101129,2023-10-10,Fana,111.0,5.0,703439.0,8089000.0
101617,2024-02-09,Sentrum,103.0,4.0,712105.0,8189000.0
101276,2023-11-16,Åsane,114.0,3.0,592891.0,6818000.0
100878,2023-08-08,Sentrum,110.0,6.0,764072.0,8787000.0
100386,2023-04-07,Arna,61.0,1.0,302481.0,3479000.0
101820,2024-03-31,Fana,127.0,3.0,710864.0,8175000.0
100977,2023-09-02,Åsane,93.0,4.0,453285.0,5213000.0
101074,2023-09-26,Arna,20.0,1.0,43207.0,497000.0
101542,2024-01-21,Laksevåg,107.0,4.0,436631.0,5021000.0
100648,2023-06-12,Sentrum,87.0,2.0,582034.0,6694000.0
101922,2024-04-25,Fana,48.0,1.0,286177.0,3291000.0
100077,2023-01-20,Laksevåg,118.0,6.0,522060.0,6004000.0
100689,2023-06-22,Sentrum,106.0,3.0,740211.0,8512000.0
100009,2023-01-03,Fana,52.0,2.0,284234.0,3268000.0
100861,2023-08-04,Laksevåg,36.0,3.0,199689.0,2297000.0
100006,2023-01-02,Fana,129.0,4.0,748102.0,8604000.0
101083,2023-09-28,Arna,105.0,4.0,437570.0,5032000.0
100161,2023-02-10,Laksevåg,81.0,3.0,377719.0,4343000.0
101600,2024-02-05,Laksevåg,119.0,5.0,564785.0,6496000.0
101110,2023-10-05,Laksevåg,127.0,3.0,567081.0,6522000.0
100962,2023-08-29,Åsane,113.0,6.0,526415.0,6053000.0
101385,2023-12-13,Laksevåg,74.0,4.0,278401.0,3202000.0
100775,2023-07-13,Åsane,54.0,2.0,272638.0,3135000.0
101174,2023-10-21,Åsane,76.0,5.0,403883.0,4645000.0
100823,2023-07-25,Åsane,63.0,3.0,338632.0,3895000.0
100145,2023-02-06,Laksevåg,79.0,5.0,430197.0,4948000.0
100240,2023-03-02,Laksevåg,129.0,4.0,585155.0,6729000.0
100215,2023-02-23,Åsane,107.0,4.0,496070.0,5705000.0
101889,2024-04-17,Åsane,119.0,6.0,535551.0,6158000.0
100465,2023-04-27,Laksevåg,100.0,5.0,457298.0,5259000.0
100987,2023-09-04,Sentrum,67.0,4.0,509658.0,5860000.0
101238,2023-11-06,Arna,83.0,2.0,299776.0,3447000.0
100760,2023-07-10,Laksevåg,68.0,3.0,320442.0,3686000.0
100252,2023-03-05,Arna,122.0,4.0,549066.0,6314000.0
101633,2024-02-13,Arna,113.0,5.0,424154.0,4878000.0
100781,2023-07-15,Arna,38.0,1.0,182514.0,2099000.0
101451,2023-12-29,Sentrum,59.0,1.0,418973.0,4818000.0
100572,2023-05-24,Arna,122.0,5.0,491082.0,5648000.0
100085,2023-01-22,Åsane,109.0,5.0,554599.0,6378000.0
100634,2023-06-08,Arna,106.0,5.0,455133.0,5233000.0
100317,2023-03-21,Fana,81.0,5.0,504880.0,5806000.0
100118,2023-01-30,Åsane,115.0,3.0,556835.0,6403000.0
101784,2024-03-22,Fana,84.0,3.0,384809.0,4425000.0
101876,2024-04-14,Åsane,29.0,2.0,94409.0,1085000.0
100443,2023-04-21,Fana,150.0,7.0,853127.0,9811000.0
101900,2024-04-20,Laksevåg,90.0,5.0,428341.0,4926000.0
100516,2023-05-10,Sentrum,148.0,5.0,1026663.0,11806000.0
101646,2024-02-16,Arna,112.0,4.0,426262.0,4903000.0
100030,2023-01-08,Fana,60.0,2.0,282701.0,3251000.0
100713,2023-06-28,Arna,62.0,2.0,268637.0,3090000.0
100254,2023-03-05,Åsane,114.0,7.0,532962.0,6129000.0
100900,2023-08-14,Fana,69.0,3.0,436048.0,5014000.0
100587,2023-05-27,Åsane,103.0,4.0,488321.0,5617000.0
101317,2023-11-26,Arna,94.0,4.0,389131.0,4475000.0
101887,2024-04-16,Fana,125.0,5.0,706731.0,8128000.0
101811,2024-03-28,Åsane,99.0,5.0,474271.0,5453000.0
101121,2023-10-08,Åsane,126.0,6.0,657259.0,7558000.0
101334,2023-11-30,Fana,83.0,5.0,490916.0,5646000.0
101918,2024-04-24,Fana,79.0,2.0,419517.0,4824000.0
100906,2023-08-15,Fana,85.0,3.0,558986.0,6428000.0
101635,2024-02-13,Laksevåg,71.0,3.0,291353.0,3351000.0
101858,2024-04-09,Åsane,110.0,5.0,522853.0,6013000.0
100796,2023-07-19,Fana,75.0,3.0,409012.0,4704000.0
101076,2023-09-27,Åsane,48.0,3.0,134904.0,1552000.0
100522,2023-05-11,Fana,68.0,1.0,366236.0,4212000.0
101411,2023-12-19,Sentrum,54.0,1.0,427883.0,4920000.0
100124,2023-02-01,Åsane,86.0,3.0,426710.0,4907000.0
100187,2023-02-16,Arna,132.0,4.0,523077.0,6015000.0
100517,2023-05-10,Åsane,146.0,4.0,740263.0,8513000.0
101945,2024-05-01,Sentrum,102.0,3.0,630100.0,7247000.0
100686,2023-06-21,Sentrum,131.0,4.0,852676.0,9805000.0
100342,2023-03-27,Fana,134.0,5.0,717347.0,8250000.0
101787,2024-03-22,Arna,129.0,5.0,582497.0,6698000.0
100200,2023-02-20,Fana,70.0,2.0,387223.0,4453000.0
101421,2023-12-22,Arna,101.0,6.0,426388.0,4904000.0
101511,2024-01-13,Laksevåg,87.0,3.0,380098.0,4372000.0
101954,2024-05-03,Sentrum,94.0,2.0,591373.0,6801000.0
100233,2023-02-28,Laksevåg,138.0,7.0,615647.0,7080000.0
101620,2024-02-10,Arna,155.0,7.0,637479.0,7330000.0
101344,2023-12-03,Åsane,121.0,3.0,534419.0,6145000.0
101295,2023-11-20,Fana,70.0,1.0,422625.0,4860000.0
100887,2023-08-10,Laksevåg,84.0,2.0,370364.0,4258000.0
100229,2023-02-27,Arna,60.0,2.0,259385.0,2984000.0
101893,2024-04-18,Arna,72.0,4.0,279099.0,3209000.0
101426,2023-12-23,Åsane,149.0,5.0,716435.0,8238000.0
100682,2023-06-20,Laksevåg,129.0,4.0,573543.0,6596000.0
100440,2023-04-21,Arna,112.0,6.0,564643.0,6494000.0
100557,2023-05-20,Laksevåg,33.0,1.0,163237.0,1877000.0
100899,2023-08-13,Sentrum,90.0,3.0,579687.0,6667000.0
101363,2023-12-07,Fana,47.0,1.0,321383.0,3695000.0
101981,2024-05-10,Sentrum,93.0,6.0,642974.0,7394000.0
100384,2023-04-07,Sentrum,66.0,3.0,429345.0,4938000.0
101158,2023-10-17,Laksevåg,110.0,4.0,497114.0,5717000.0
101604,2024-02-06,Arna,52.0,1.0,173921.0,2001000.0
101018,2023-09-12,Arna,108.0,3.0,451541.0,5193000.0
100655,2023-06-13,Arna,79.0,3.0,313860.0,3609000.0
100436,2023-04-20,Laksevåg,45.0,1.0,201924.0,2322000.0
100921,2023-08-19,Laksevåg,54.0,2.0,266091.0,3060000.0
101340,2023-12-02,Fana,67.0,3.0,374511.0,4308000.0
101781,2024-03-21,Åsane,73.0,5.0,341558.0,3928000.0
101610,2024-02-07,Sentrum,161.0,6.0,1065779.0,12256000.0
101621,2024-02-10,Arna,60.0,2.0,250833.0,2885000.0
100453,2023-04-24,Laksevåg,87.0,2.0,415367.0,4777000.0
101361,2023-12-07,Sentrum,129.0,4.0,841712.0,9680000.0
100294,2023-03-15,Laksevåg,61.0,2.0,313106.0,3600000.0
100744,2023-07-06,Sentrum,72.0,3.0,456812.0,5254000.0
100310,2023-03-19,Sentrum,82.0,4.0,585774.0,6736000.0
101188,2023-10-25,Arna,135.0,5.0,534376.0,6145000.0
100220,2023-02-25,Fana,88.0,2.0,466960.0,5370000.0
100376,2023-04-05,Fana,118.0,5.0,655757.0,7541000.0
101406,2023-12-18,Laksevåg,110.0,3.0,526120.0,6050000.0
100259,2023-03-06,Fana,160.0,8.0,944112.0,10856000.0
101341,2023-12-02,Sentrum,127.0,7.0,806403.0,9275000.0
100658,2023-06-14,Fana,70.0,3.0,384990.0,4428000.0
100402,2023-04-11,Laksevåg,47.0,1.0,212116.0,2438000.0
100706,2023-06-26,Fana,95.0,5.0,562110.0,6465000.0
100814,2023-07-23,Arna,106.0,3.0,432847.0,4977000.0
100530,2023-05-13,Sentrum,109.0,6.0,776575.0,8930000.0
100564,2023-05-22,Sentrum,85.0,5.0,589562.0,6781000.0
101666,2024-02-21,Fana,115.0,5.0,690632.0,7943000.0
101955,2024-05-03,Laksevåg,128.0,5.0,557637.0,6413000.0
101798,2024-03-25,Arna,127.0,5.0,511823.0,5885000.0
100459,2023-04-25,Fana,114.0,5.0,627607.0,7217000.0
101834,2024-04-03,Arna,118.0,4.0,533558.0,6136000.0
100654,2023-06-13,Laksevåg,119.0,4.0,496983.0,5716000.0
100034,2023-01-09,Åsane,96.0,5.0,480118.0,5522000.0
101808,2024-03-28,Arna,78.0,3.0,240613.0,2767000.0
101985,2024-05-11,Arna,58.0,1.0,231940.0,2667000.0
101717,2024-03-05,Fana,87.0,4.0,545185.0,6270000.0
101147,2023-10-14,Arna,71.0,3.0,284774.0,3275000.0
101124,2023-10-09,Arna,110.0,3.0,433330.0,4984000.0
101557,2024-01-25,Åsane,58.0,3.0,280114.0,3220000.0
100629,2023-06-07,Sentrum,108.0,3.0,686454.0,7894000.0
101356,2023-12-06,Sentrum,26.0,1.0,146065.0,1680000.0
100512,2023-05-09,Laksevåg,74.0,5.0,351692.0,4045000.0
100597,2023-05-30,Sentrum,44.0,2.0,267295.0,3074000.0
100999,2023-09-07,Fana,83.0,3.0,485712.0,5585000.0
100955,2023-08-27,Laksevåg,113.0,4.0,483448.0,5559000.0
100610,2023-06-02,Fana,98.0,4.0,605730.0,6966000.0
101299,2023-11-21,Åsane,88.0,3.0,406539.0,4675000.0
100458,2023-04-25,Åsane,87.0,3.0,407402.0,4684000.0
100385,2023-04-07,Åsane,75.0,5.0,372454.0,4283000.0
100892,2023-08-12,Fana,53.0,2.0,276742.0,3183000.0
100175,2023-02-13,Arna,85.0,5.0,344969.0,3968000.0
101991,2024-05-12,Fana,131.0,5.0,804416.0,9250000.0
101715,2024-03-04,Fana,130.0,5.0,721852.0,8300000.0
101756,2024-03-15,Laksevåg,137.0,6.0,603064.0,6935000.0
101694,2024-02-28,Fana,52.0,2.0,250476.0,2880000.0
101744,2024-03-12,Laksevåg,110.0,6.0,530176.0,6098000.0
100061,2023-01-16,Åsane,55.0,3.0,196354.0,2258000.0
101867,2024-04-11,Sentrum,136.0,7.0,860364.0,9895000.0
101632,2024-02-13,Sentrum,119.0,6.0,800193.0,9202000.0
101271,2023-11-14,Arna,136.0,7.0,529056.0,6084000.0
100227,2023-02-26,Fana,85.0,3.0,448827.0,5161000.0
101093,2023-10-01,Åsane,103.0,5.0,531986.0,6118000.0
100014,2023-01-04,Laksevåg,53.0,1.0,303789.0,3493000.0
100521,2023-05-11,Sentrum,67.0,3.0,505803.0,5817000.0
101150,2023-10-15,Arna,81.0,1.0,312731.0,3597000.0
100501,2023-05-06,Fana,104.0,2.0,586135.0,6741000.0
101203,2023-10-28,Fana,79.0,3.0,446795.0,5138000.0
101246,2023-11-08,Åsane,87.0,3.0,397058.0,4566000.0
101957,2024-05-04,Arna,101.0,6.0,454049.0,5221000.0
101618,2024-02-09,Åsane,80.0,5.0,427254.0,4912000.0
101785,2024-03-22,Åsane,88.0,4.0,424860.0,4886000.0
100574,2023-05-24,Sentrum,67.0,4.0,476586.0,5480000.0
100746,2023-07-06,Åsane,69.0,3.0,297723.0,3424000.0
100839,2023-07-29,Arna,91.0,4.0,413436.0,4754000.0
100609,2023-06-02,Arna,77.0,4.0,344613.0,3964000.0
100546,2023-05-17,Åsane,89.0,4.0,413579.0,4756000.0
101005,2023-09-09,Sentrum,78.0,1.0,552519.0,6354000.0
100745,2023-07-06,Åsane,70.0,2.0,351440.0,4042000.0
100223,2023-02-25,Fana,110.0,4.0,622016.0,7153000.0
101677,2024-02-24,Sentrum,97.0,4.0,593978.0,6830000.0
101039,2023-09-17,Laksevåg,137.0,4.0,572040.0,6578000.0
101492,2024-01-09,Arna,99.0,3.0,443796.0,5104000.0
101196,2023-10-27,Åsane,112.0,6.0,548884.0,6312000.0
101507,2024-01-12,Laksevåg,114.0,5.0,482444.0,5549000.0
100152,2023-02-08,Laksevåg,65.0,4.0,352079.0,4048000.0
101003,2023-09-08,Sentrum,98.0,3.0,713096.0,8200000.0
100688,2023-06-22,Sentrum,104.0,4.0,689878.0,7934000.0
100773,2023-07-13,Fana,120.0,4.0,695538.0,7998000.0
100677,2023-06-19,Sentrum,93.0,4.0,580390.0,6674000.0
101367,2023-12-08,Åsane,120.0,5.0,606172.0,6970000.0
100055,2023-01-14,Åsane,102.0,5.0,504871.0,5806000.0
100141,2023-02-05,Arna,103.0,3.0,399347.0,4592000.0
101644,2024-02-16,Åsane,108.0,4.0,531493.0,6112000.0
101256,2023-11-11,Sentrum,67.0,3.0,402845.0,4633000.0
100202,2023-02-20,Arna,42.0,1.0,238957.0,2749000.0
100933,2023-08-22,Åsane,165.0,5.0,857511.0,9860000.0
100575,2023-05-24,Arna,128.0,5.0,458278.0,5270000.0
100982,2023-09-03,Sentrum,20.0,2.0,113258.0,1303000.0
100723,2023-06-30,Laksevåg,82.0,3.0,368470.0,4237000.0
101487,2024-01-07,Laksevåg,38.0,1.0,179958.0,2069000.0
100801,2023-07-20,Åsane,109.0,5.0,508874.0,5852000.0
101452,2023-12-30,Laksevåg,123.0,6.0,546346.0,6283000.0
101044,2023-09-19,Åsane,75.0,3.0,337593.0,3882000.0
101279,2023-11-16,Arna,124.0,4.0,560236.0,6442000.0
100674,2023-06-18,Fana,58.0,4.0,311431.0,3581000.0
101200,2023-10-28,Sentrum,50.0,2.0,349629.0,4021000.0
101901,2024-04-20,Fana,85.0,4.0,526636.0,6056000.0
100393,2023-04-09,Arna,73.0,2.0,313639.0,3607000.0
100217,2023-02-24,Sentrum,73.0,3.0,484724.0,5574000.0
101704,2024-03-02,Fana,102.0,4.0,625010.0,7187000.0
101713,2024-03-04,Arna,84.0,4.0,310402.0,3570000.0
100039,2023-01-10,Laksevåg,135.0,7.0,610794.0,7024000.0
101088,2023-09-30,Sentrum,80.0,1.0,502568.0,5779000.0
100066,2023-01-17,Åsane,138.0,5.0,588987.0,6773000.0
101034,2023-09-16,Åsane,108.0,5.0,591075.0,6797000.0
101642,2024-02-15,Åsane,74.0,4.0,390607.0,4493000.0
100981,2023-09-03,Arna,48.0,2.0,173681.0,1998000.0
100206,2023-02-21,Laksevåg,95.0,4.0,412204.0,4739000.0
100399,2023-04-10,Laksevåg,103.0,4.0,474065.0,5452000.0
101471,2024-01-03,Sentrum,99.0,4.0,611377.0,7032000.0
101695,2024-02-28,Fana,35.0,2.0,143533.0,1651000.0
100651,2023-06-12,Åsane,74.0,3.0,415600.0,4779000.0
101480,2024-01-06,Sentrum,92.0,4.0,655810.0,7542000.0
100005,2023-01-02,Fana,101.0,4.0,605976.0,6968000.0
100058,2023-01-15,Laksevåg,54.0,2.0,284521.0,3272000.0
101775,2024-03-19,Arna,52.0,1.0,219243.0,2521000.0
101528,2024-01-18,Åsane,85.0,5.0,375195.0,4315000.0
100898,2023-08-13,Sentrum,114.0,4.0,777266.0,8938000.0
101440,2023-12-27,Laksevåg,116.0,5.0,565123.0,6499000.0
101358,2023-12-06,Fana,32.0,2.0,208788.0,2402000.0
100092,2023-01-24,Åsane,77.0,2.0,389642.0,4482000.0
101217,2023-11-01,Åsane,112.0,4.0,500298.0,5753000.0
101741,2024-03-11,Sentrum,76.0,3.0,485441.0,5582000.0
101654,2024-02-18,Åsane,98.0,2.0,418930.0,4818000.0
101050,2023-09-20,Arna,96.0,4.0,448119.0,5154000.0
100831,2023-07-27,Fana,116.0,3.0,659102.0,7580000.0
100278,2023-03-11,Sentrum,51.0,2.0,345863.0,3978000.0
100793,2023-07-18,Laksevåg,97.0,5.0,492699.0,5666000.0
100133,2023-02-03,Sentrum,130.0,5.0,843784.0,9703000.0
101476,2024-01-05,Arna,79.0,4.0,348957.0,4012000.0
100144,2023-02-06,Sentrum,100.0,3.0,703304.0,8087000.0
101906,2024-04-21,Sentrum,79.0,2.0,527205.0,6062000.0
101386,2023-12-13,Arna,72.0,2.0,284038.0,3266000.0
100758,2023-07-09,Sentrum,96.0,4.0,667029.0,7672000.0
101127,2023-10-09,Fana,91.0,4.0,544599.0,6263000.0
100795,2023-07-18,Åsane,58.0,3.0,262861.0,3024000.0
101926,2024-04-26,Åsane,106.0,3.0,475683.0,5470000.0
101724,2024-03-07,Fana,100.0,5.0,606075.0,6969000.0
100019,2023-01-05,Sentrum,121.0,4.0,827489.0,9516000.0
101502,2024-01-11,Laksevåg,54.0,3.0,273518.0,3146000.0
100880,2023-08-09,Arna,77.0,2.0,221352.0,2546000.0
100054,2023-01-14,Laksevåg,51.0,3.0,230596.0,2652000.0
101892,2024-04-18,Laksevåg,110.0,5.0,497297.0,5719000.0
101437,2023-12-26,Arna,94.0,4.0,372963.0,4289000.0
100789,2023-07-17,Fana,71.0,4.0,364024.0,4187000.0
100943,2023-08-24,Arna,125.0,5.0,531072.0,6106000.0
101189,2023-10-25,Fana,76.0,3.0,433170.0,4981000.0
101281,2023-11-17,Arna,88.0,4.0,327452.0,3765000.0
101929,2024-04-27,Laksevåg,136.0,5.0,595181.0,6844000.0
100001,2023-01-01,Arna,86.0,3.0,324514.0,3732000.0
100762,2023-07-10,Arna,95.0,4.0,329621.0,3790000.0
101460,2024-01-01,Sentrum,20.0,1.0,137912.0,1586000.0
100113,2023-01-29,Sentrum,96.0,3.0,657316.0,7559000.0
101222,2023-11-02,Arna,99.0,4.0,395564.0,4549000.0
101051,2023-09-20,Åsane,176.0,8.0,839410.0,9653000.0
100438,2023-04-20,Sentrum,88.0,3.0,596040.0,6855000.0
101478,2024-01-05,Arna,57.0,3.0,273312.0,3143000.0
100082,2023-01-21,Arna,79.0,2.0,366375.0,4214000.0
100379,2023-04-05,Sentrum,125.0,5.0,868416.0,9987000.0
101212,2023-10-31,Åsane,98.0,5.0,461948.0,5312000.0
101446,2023-12-28,Fana,105.0,4.0,624745.0,7185000.0
100326,2023-03-23,Fana,103.0,2.0,551911.0,6348000.0
100811,2023-07-22,Åsane,95.0,3.0,397165.0,4567000.0
100322,2023-03-22,Arna,57.0,2.0,229507.0,2640000.0
100716,2023-06-29,Fana,106.0,5.0,641763.0,7381000.0
101355,2023-12-05,Sentrum,103.0,4.0,689561.0,7930000.0
101579,2024-01-30,Sentrum,95.0,4.0,672009.0,7728000.0
100461,2023-04-26,Sentrum,32.0,1.0,201443.0,2316000.0
100425,2023-04-17,Åsane,80.0,2.0,444528.0,5111000.0
101101,2023-10-03,Fana,105.0,5.0,641513.0,7378000.0
100122,2023-01-31,Arna,92.0,5.0,403747.0,4644000.0
100883,2023-08-09,Sentrum,96.0,3.0,638825.0,7347000.0
100446,2023-04-22,Fana,74.0,5.0,435509.0,5008000.0
100048,2023-01-13,Fana,144.0,7.0,841673.0,9679000.0
101197,2023-10-27,Arna,99.0,4.0,405843.0,4667000.0
100866,2023-08-05,Åsane,125.0,4.0,586509.0,6745000.0
101374,2023-12-10,Arna,98.0,4.0,425842.0,4898000.0
101263,2023-11-12,Åsane,67.0,3.0,317983.0,3657000.0
100503,2023-05-06,Fana,68.0,2.0,320169.0,3682000.0
101366,2023-12-08,Fana,101.0,5.0,595172.0,6843000.0
101752,2024-03-14,Fana,104.0,3.0,577705.0,6643000.0
100298,2023-03-16,Arna,52.0,2.0,256741.0,2952000.0
100052,2023-01-14,Arna,90.0,3.0,375977.0,4324000.0
101859,2024-04-09,Åsane,95.0,3.0,449740.0,5172000.0
101337,2023-12-01,Arna,47.0,2.0,183288.0,2107000.0
101336,2023-12-01,Arna,115.0,5.0,487387.0,5605000.0
100638,2023-06-09,Arna,127.0,4.0,548817.0,6312000.0
100360,2023-04-01,Sentrum,49.0,4.0,420102.0,4831000.0
101810,2024-03-28,Laksevåg,141.0,5.0,696142.0,8006000.0
101743,2024-03-11,Arna,112.0,5.0,439393.0,5053000.0
100563,2023-05-21,Åsane,135.0,8.0,639310.0,7353000.0
100582,2023-05-26,Sentrum,85.0,5.0,522406.0,6008000.0
100159,2023-02-09,Fana,20.0,1.0,100918.0,1160000.0
101827,2024-04-01,Arna,109.0,4.0,477030.0,5486000.0
100318,2023-03-21,Fana,62.0,3.0,369612.0,4251000.0
100708,2023-06-27,Laksevåg,87.0,2.0,427538.0,4917000.0
100532,2023-05-14,Laksevåg,80.0,4.0,365200.0,4201000.0
100485,2023-05-02,Fana,55.0,1.0,274340.0,3155000.0
100251,2023-03-04,Sentrum,89.0,3.0,597518.0,6871000.0
101490,2024-01-08,Fana,105.0,5.0,580634.0,6676000.0
101433,2023-12-25,Fana,138.0,5.0,808772.0,9300000.0
100190,2023-02-17,Arna,32.0,1.0,99163.0,1141000.0
101837,2024-04-04,Arna,124.0,4.0,465774.0,5356000.0
100616,2023-06-04,Fana,20.0,1.0,149864.0,1724000.0
101484,2024-01-07,Laksevåg,106.0,5.0,501594.0,5768000.0
100578,2023-05-25,Åsane,92.0,5.0,429962.0,4944000.0
100351,2023-03-29,Arna,151.0,6.0,626568.0,7206000.0
101218,2023-11-01,Fana,107.0,5.0,589176.0,6775000.0
101422,2023-12-22,Fana,61.0,1.0,356300.0,4097000.0
101362,2023-12-07,Laksevåg,100.0,4.0,463010.0,5324000.0
100942,2023-08-24,Fana,99.0,4.0,522075.0,6003000.0
101612,2024-02-08,Sentrum,163.0,8.0,1081781.0,12441000.0
100253,2023-03-05,Laksevåg,62.0,3.0,286045.0,3290000.0
101055,2023-09-21,Fana,124.0,7.0,676671.0,7781000.0
100299,2023-03-16,Sentrum,115.0,6.0,747271.0,8594000.0
101592,2024-02-03,Åsane,116.0,5.0,618966.0,7118000.0
100568,2023-05-23,Åsane,122.0,5.0,612520.0,7044000.0
100840,2023-07-30,Laksevåg,62.0,3.0,311681.0,3584000.0
100692,2023-06-23,Åsane,58.0,2.0,245862.0,2828000.0
101526,2024-01-17,Sentrum,95.0,4.0,622919.0,7164000.0
100565,2023-05-22,Fana,104.0,3.0,570379.0,6560000.0
101571,2024-01-28,Arna,108.0,4.0,484015.0,5566000.0
100271,2023-03-09,Laksevåg,121.0,6.0,522773.0,6012000.0
100214,2023-02-23,Laksevåg,84.0,4.0,372023.0,4279000.0
101465,2024-01-02,Åsane,68.0,2.0,344398.0,3960000.0
101180,2023-10-23,Fana,72.0,2.0,410284.0,4718000.0
100536,2023-05-15,Arna,43.0,1.0,152954.0,1759000.0
101376,2023-12-11,Laksevåg,21.0,1.0,130833.0,1504000.0
100618,2023-06-04,Arna,104.0,2.0,434210.0,4993000.0
100667,2023-06-16,Laksevåg,125.0,6.0,523195.0,6017000.0
100526,2023-05-12,Arna,145.0,6.0,563396.0,6480000.0
101192,2023-10-26,Laksevåg,65.0,4.0,373480.0,4295000.0
101843,2024-04-05,Laksevåg,82.0,3.0,406039.0,4669000.0
101368,2023-12-09,Sentrum,110.0,4.0,708237.0,8145000.0
100672,2023-06-18,Åsane,100.0,4.0,461604.0,5309000.0
100004,2023-01-02,Åsane,74.0,1.0,307465.0,3536000.0
100204,2023-02-21,Sentrum,114.0,3.0,798760.0,9185000.0
100958,2023-08-28,Åsane,83.0,4.0,435382.0,5007000.0
100408,2023-04-13,Fana,78.0,4.0,445735.0,5126000.0
100434,2023-04-19,Fana,85.0,3.0,400367.0,4604000.0
100764,2023-07-11,Laksevåg,154.0,6.0,739054.0,8499000.0
100219,2023-02-24,Fana,182.0,6.0,1107193.0,12733000.0
100971,2023-08-31,Arna,64.0,3.0,234447.0,2696000.0
100457,2023-04-25,Arna,125.0,5.0,488468.0,5617000.0
101467,2024-01-02,Arna,79.0,1.0,280093.0,3222000.0
101842,2024-04-05,Sentrum,107.0,5.0,709495.0,8159000.0
101161,2023-10-18,Sentrum,108.0,5.0,777810.0,8945000.0
101588,2024-02-02,Arna,130.0,3.0,526739.0,6059000.0
100970,2023-08-31,Sentrum,81.0,4.0,578315.0,6651000.0
101813,2024-03-29,Sentrum,116.0,6.0,883437.0,10159000.0
101146,2023-10-14,Fana,49.0,3.0,315746.0,3631000.0
100615,2023-06-03,Laksevåg,67.0,1.0,263898.0,3035000.0
101454,2023-12-30,Sentrum,109.0,5.0,725269.0,8340000.0
100481,2023-05-01,Sentrum,143.0,6.0,1001098.0,11513000.0
100268,2023-03-09,Laksevåg,48.0,1.0,210419.0,2420000.0
100712,2023-06-28,Arna,128.0,4.0,565275.0,6501000.0
100031,2023-01-08,Åsane,84.0,4.0,405418.0,4663000.0
101593,2024-02-03,Laksevåg,103.0,5.0,467582.0,5377000.0
101972,2024-05-08,Arna,83.0,5.0,360644.0,4148000.0
101993,2024-05-13,Laksevåg,92.0,3.0,394330.0,4534000.0
100478,2023-04-30,Fana,20.0,1.0,48619.0,560000.0
101463,2024-01-01,Åsane,64.0,4.0,330364.0,3800000.0
100992,2023-09-06,Åsane,77.0,4.0,351355.0,4041000.0
101412,2023-12-20,Åsane,63.0,3.0,281972.0,3242000.0
100825,2023-07-26,Sentrum,69.0,4.0,431809.0,4965000.0
101473,2024-01-04,Sentrum,84.0,5.0,563300.0,6477000.0
100347,2023-03-28,Sentrum,89.0,4.0,576656.0,6631000.0
101838,2024-04-04,Åsane,131.0,4.0,575272.0,6616000.0
101773,2024-03-19,Åsane,83.0,3.0,408698.0,4699000.0
101274,2023-11-15,Fana,149.0,6.0,884887.0,10177000.0
100905,2023-08-15,Arna,58.0,2.0,181560.0,2088000.0
101992,2024-05-13,Åsane,142.0,7.0,599841.0,6898000.0
101109,2023-10-05,Arna,139.0,6.0,552579.0,6354000.0
101014,2023-09-11,Laksevåg,58.0,4.0,240365.0,2765000.0
101687,2024-02-26,Sentrum,70.0,2.0,510487.0,5871000.0
100489,2023-05-03,Åsane,90.0,2.0,451702.0,5194000.0
100089,2023-01-23,Arna,141.0,7.0,585351.0,6732000.0
100966,2023-08-30,Laksevåg,100.0,5.0,540138.0,6211000.0
100769,2023-07-12,Arna,106.0,4.0,429006.0,4933000.0
101459,2023-12-31,Sentrum,80.0,2.0,541706.0,6229000.0
101461,2024-01-01,Laksevåg,122.0,4.0,575748.0,6621000.0
100177,2023-02-14,Laksevåg,121.0,5.0,539426.0,6202000.0
100311,2023-03-19,Fana,76.0,2.0,451969.0,5197000.0
100989,2023-09-05,Arna,80.0,3.0,363471.0,4180000.0
100620,2023-06-05,Sentrum,144.0,4.0,936662.0,10771000.0
101170,2023-10-20,Laksevåg,110.0,4.0,476885.0,5484000.0
100936,2023-08-23,Fana,82.0,2.0,518477.0,5962000.0
101524,2024-01-17,Laksevåg,39.0,1.0,183942.0,2115000.0
101415,2023-12-20,Fana,152.0,5.0,842567.0,9690000.0
101223,2023-11-02,Fana,50.0,3.0,294919.0,3391000.0
101548,2024-01-23,Arna,116.0,5.0,424401.0,4880000.0
101045,2023-09-19,Åsane,35.0,1.0,71401.0,821000.0
100937,2023-08-23,Fana,43.0,2.0,230137.0,2646000.0
101658,2024-02-19,Sentrum,42.0,1.0,218140.0,2508000.0
100529,2023-05-13,Åsane,133.0,7.0,642614.0,7391000.0
100895,2023-08-12,Sentrum,70.0,5.0,448481.0,5157000.0
101191,2023-10-25,Åsane,48.0,4.0,248675.0,2859000.0
101128,2023-10-10,Fana,115.0,4.0,679355.0,7812000.0
100953,2023-08-27,Sentrum,83.0,3.0,542956.0,6243000.0
100596,2023-05-30,Fana,59.0,4.0,355611.0,4089000.0
100302,2023-03-17,Sentrum,107.0,4.0,726791.0,8358000.0
100676,2023-06-19,Laksevåg,99.0,3.0,434597.0,4998000.0
101052,2023-09-21,Laksevåg,85.0,2.0,378983.0,4358000.0
100171,2023-02-12,Fana,91.0,4.0,524825.0,6034000.0
100412,2023-04-14,Laksevåg,80.0,3.0,372091.0,4280000.0
101800,2024-03-26,Laksevåg,97.0,4.0,412897.0,4748000.0
100518,2023-05-10,Sentrum,39.0,3.0,199804.0,2298000.0
100884,2023-08-10,Åsane,110.0,4.0,480949.0,5530000.0
100270,2023-03-09,Åsane,173.0,6.0,859185.0,9880000.0
100948,2023-08-26,Laksevåg,20.0,1.0,47329.0,544000.0
101292,2023-11-20,Åsane,68.0,2.0,245863.0,2827000.0
101973,2024-05-08,Fana,80.0,3.0,437307.0,5029000.0
101916,2024-04-24,Sentrum,123.0,5.0,793065.0,9120000.0
101301,2023-11-22,Laksevåg,41.0,1.0,178854.0,2056000.0
101063,2023-09-23,Åsane,41.0,1.0,225534.0,2594000.0
101874,2024-04-13,Fana,35.0,2.0,233310.0,2683000.0
101804,2024-03-27,Arna,75.0,3.0,335072.0,3854000.0
101439,2023-12-26,Fana,128.0,6.0,688592.0,7919000.0
100871,2023-08-06,Åsane,79.0,3.0,385320.0,4430000.0
101136,2023-10-12,Sentrum,66.0,3.0,468812.0,5391000.0
101845,2024-04-06,Arna,95.0,3.0,417124.0,4796000.0
100378,2023-04-05,Sentrum,97.0,5.0,682213.0,7846000.0
100602,2023-05-31,Sentrum,83.0,4.0,549696.0,6321000.0
101538,2024-01-20,Sentrum,87.0,3.0,548558.0,6308000.0
100154,2023-02-08,Sentrum,90.0,3.0,642754.0,7392000.0
100192,2023-02-18,Arna,123.0,5.0,473170.0,5441000.0
101126,2023-10-09,Åsane,76.0,5.0,394385.0,4535000.0
100473,2023-04-29,Arna,135.0,4.0,517810.0,5955000.0
101671,2024-02-22,Sentrum,154.0,6.0,1036047.0,11914000.0
101977,2024-05-09,Arna,96.0,3.0,443407.0,5099000.0
100704,2023-06-26,Fana,94.0,3.0,552770.0,6357000.0
100308,2023-03-19,Sentrum,92.0,4.0,584828.0,6726000.0
101419,2023-12-21,Arna,106.0,6.0,408568.0,4698000.0
101070,2023-09-25,Åsane,88.0,3.0,416908.0,4794000.0
101359,2023-12-06,Fana,102.0,4.0,541812.0,6230000.0
100381,2023-04-06,Sentrum,46.0,2.0,317860.0,3655000.0
100759,2023-07-09,Arna,115.0,4.0,412572.0,4745000.0
101038,2023-09-17,Åsane,53.0,5.0,293828.0,3379000.0
100414,2023-04-14,Laksevåg,67.0,2.0,253609.0,2916000.0
100558,2023-05-20,Sentrum,119.0,4.0,774720.0,8910000.0
100619,2023-06-04,Sentrum,137.0,7.0,903193.0,10386000.0
101277,2023-11-16,Laksevåg,84.0,5.0,395119.0,4544000.0
101664,2024-02-21,Arna,33.0,1.0,152304.0,1752000.0
100553,2023-05-19,Fana,102.0,3.0,604160.0,6948000.0
101839,2024-04-04,Laksevåg,84.0,4.0,399719.0,4597000.0
101258,2023-11-11,Åsane,117.0,5.0,588695.0,6770000.0
100198,2023-02-19,Sentrum,76.0,3.0,487639.0,5608000.0
100726,2023-07-01,Åsane,46.0,1.0,188871.0,2172000.0
100991,2023-09-05,Sentrum,38.0,2.0,238577.0,2745000.0
101199,2023-10-27,Fana,55.0,1.0,251323.0,2891000.0
100142,2023-02-05,Fana,101.0,3.0,552149.0,6349000.0
100838,2023-07-29,Arna,60.0,3.0,251549.0,2893000.0
100196,2023-02-19,Arna,52.0,2.0,226072.0,2599000.0
101707,2024-03-02,Fana,123.0,5.0,744272.0,8559000.0
100315,2023-03-20,Laksevåg,95.0,4.0,384010.0,4416000.0
101325,2023-11-28,Laksevåg,32.0,1.0,119273.0,1372000.0
100170,2023-02-12,Fana,122.0,6.0,690605.0,7942000.0
101951,2024-05-02,Sentrum,120.0,5.0,729889.0,8394000.0
101099,2023-10-02,Laksevåg,92.0,4.0,363179.0,4177000.0
100022,2023-01-06,Fana,70.0,3.0,437164.0,5026000.0
100045,2023-01-12,Sentrum,81.0,3.0,567453.0,6525000.0
101960,2024-05-05,Åsane,76.0,2.0,408021.0,4691000.0
100467,2023-04-27,Sentrum,86.0,3.0,536871.0,6174000.0
101606,2024-02-06,Sentrum,127.0,6.0,871070.0,10017000.0
101399,2023-12-16,Åsane,66.0,1.0,335626.0,3860000.0
101332,2023-11-30,Laksevåg,129.0,5.0,604298.0,6950000.0
100442,2023-04-21,Sentrum,113.0,4.0,764465.0,8791000.0
100988,2023-09-05,Arna,102.0,4.0,406821.0,4679000.0
100319,2023-03-21,Arna,110.0,3.0,410657.0,4722000.0
100184,2023-02-16,Arna,77.0,2.0,289134.0,3326000.0
101515,2024-01-14,Arna,60.0,2.0,234755.0,2700000.0
101402,2023-12-17,Laksevåg,118.0,5.0,560325.0,6443000.0
100666,2023-06-16,Arna,86.0,4.0,343858.0,3954000.0
101408,2023-12-19,Fana,112.0,3.0,646280.0,7433000.0
100539,2023-05-15,Laksevåg,39.0,3.0,223833.0,2575000.0
101856,2024-04-09,Laksevåg,59.0,2.0,264850.0,3046000.0
101456,2023-12-31,Åsane,98.0,3.0,522099.0,6004000.0
100792,2023-07-18,Arna,58.0,2.0,245375.0,2822000.0
100829,2023-07-27,Sentrum,73.0,4.0,482026.0,5544000.0
101910,2024-04-22,Laksevåg,109.0,5.0,535897.0,6163000.0
100210,2023-02-22,Fana,94.0,3.0,539018.0,6198000.0
100632,2023-06-08,Arna,127.0,5.0,533943.0,6140000.0
100817,2023-07-24,Fana,65.0,3.0,364153.0,4188000.0
101534,2024-01-19,Sentrum,143.0,4.0,947318.0,10894000.0
100805,2023-07-21,Fana,71.0,2.0,383306.0,4409000.0
101873,2024-04-13,Sentrum,127.0,4.0,808057.0,9293000.0
100841,2023-07-30,Arna,105.0,3.0,436032.0,5014000.0
100108,2023-01-28,Fana,22.0,1.0,103476.0,1190000.0
100665,2023-06-16,Laksevåg,124.0,5.0,567096.0,6522000.0
101214,2023-10-31,Sentrum,63.0,2.0,417864.0,4805000.0
100002,2023-01-01,Arna,109.0,4.0,456935.0,5255000.0
101719,2024-03-05,Sentrum,91.0,4.0,604510.0,6952000.0
101702,2024-03-01,Sentrum,95.0,3.0,637290.0,7329000.0
101287,2023-11-18,Sentrum,110.0,5.0,746758.0,8588000.0
100482,2023-05-01,Laksevåg,75.0,4.0,403563.0,4640000.0
100768,2023-07-12,Sentrum,67.0,3.0,402200.0,4625000.0
100372,2023-04-04,Fana,112.0,2.0,661721.0,7611000.0
100576,2023-05-25,Arna,84.0,4.0,349491.0,4019000.0
100211,2023-02-22,Laksevåg,159.0,7.0,732029.0,8418000.0
100520,2023-05-11,Sentrum,100.0,3.0,703590.0,8092000.0
101026,2023-09-14,Laksevåg,67.0,3.0,318732.0,3665000.0
101990,2024-05-12,Arna,86.0,3.0,333777.0,3839000.0
101537,2024-01-20,Arna,132.0,5.0,504063.0,5797000.0
101330,2023-11-29,Sentrum,119.0,4.0,774044.0,8901000.0
100621,2023-06-05,Arna,93.0,4.0,363928.0,4185000.0
101294,2023-11-20,Laksevåg,160.0,6.0,729994.0,8395000.0
101570,2024-01-28,Laksevåg,105.0,4.0,515496.0,5927000.0
101746,2024-03-12,Åsane,94.0,4.0,385606.0,4435000.0
100096,2023-01-25,Åsane,95.0,5.0,498967.0,5738000.0
100687,2023-06-21,Fana,100.0,4.0,601907.0,6922000.0
100178,2023-02-14,Laksevåg,32.0,1.0,160467.0,1845000.0
100641,2023-06-10,Fana,99.0,4.0,567056.0,6522000.0
100813,2023-07-23,Laksevåg,71.0,2.0,314073.0,3612000.0
101078,2023-09-27,Arna,131.0,5.0,499221.0,5742000.0
100923,2023-08-19,Arna,99.0,4.0,416785.0,4793000.0
100513,2023-05-09,Arna,86.0,2.0,420633.0,4837000.0
100071,2023-01-18,Laksevåg,111.0,3.0,466029.0,5359000.0
100965,2023-08-30,Arna,100.0,4.0,352097.0,4049000.0
100581,2023-05-26,Åsane,53.0,2.0,264247.0,3039000.0
100748,2023-07-07,Arna,113.0,4.0,447015.0,5140000.0
101535,2024-01-19,Åsane,45.0,2.0,219130.0,2519000.0
100483,2023-05-01,Fana,93.0,3.0,543303.0,6247000.0
101860,2024-04-10,Åsane,66.0,3.0,333864.0,3840000.0
101064,2023-09-24,Arna,148.0,6.0,573641.0,6597000.0
100456,2023-04-25,Arna,63.0,4.0,174543.0,2007000.0
100068,2023-01-18,Laksevåg,109.0,4.0,484421.0,5571000.0
101559,2024-01-25,Åsane,84.0,1.0,355576.0,4089000.0
101995,2024-05-13,Laksevåg,113.0,5.0,489117.0,5624000.0
100231,2023-02-27,Laksevåg,46.0,2.0,210777.0,2424000.0
101855,2024-04-08,Fana,132.0,4.0,753751.0,8668000.0
101168,2023-10-20,Laksevåg,113.0,5.0,524403.0,6031000.0
100432,2023-04-19,Fana,119.0,5.0,710968.0,8176000.0
100711,2023-06-27,Åsane,79.0,2.0,437962.0,5036000.0
101125,2023-10-09,Laksevåg,95.0,4.0,421854.0,4852000.0
101768,2024-03-18,Åsane,102.0,5.0,474208.0,5454000.0
101047,2023-09-19,Laksevåg,90.0,3.0,395646.0,4549000.0
101734,2024-03-09,Sentrum,68.0,3.0,494023.0,5681000.0
100354,2023-03-30,Arna,134.0,5.0,486219.0,5591000.0
100567,2023-05-22,Arna,106.0,5.0,437752.0,5035000.0
101841,2024-04-05,Åsane,69.0,2.0,410684.0,4723000.0
101318,2023-11-26,Sentrum,118.0,5.0,789647.0,9081000.0
101783,2024-03-21,Arna,89.0,4.0,361946.0,4163000.0
100828,2023-07-27,Åsane,89.0,4.0,431977.0,4968000.0
100224,2023-02-26,Laksevåg,75.0,1.0,315577.0,3629000.0
101767,2024-03-17,Arna,65.0,2.0,299251.0,3441000.0
100218,2023-02-24,Fana,64.0,3.0,379820.0,4367000.0
100016,2023-01-05,Fana,74.0,4.0,400444.0,4605000.0
101898,2024-04-19,Fana,131.0,6.0,746791.0,8588000.0
100367,2023-04-02,Åsane,71.0,2.0,318557.0,3662000.0
101432,2023-12-25,Fana,89.0,4.0,539314.0,6201000.0
101391,2023-12-14,Arna,148.0,6.0,604491.0,6952000.0
100295,2023-03-15,Åsane,107.0,3.0,515855.0,5932000.0
100364,2023-04-02,Laksevåg,65.0,3.0,299886.0,3448000.0
100862,2023-08-04,Åsane,75.0,5.0,341499.0,3928000.0
101751,2024-03-13,Fana,34.0,3.0,222756.0,2562000.0
101403,2023-12-17,Laksevåg,98.0,5.0,418110.0,4808000.0
101184,2023-10-24,Laksevåg,63.0,2.0,287121.0,3302000.0
100717,2023-06-29,Arna,115.0,4.0,465878.0,5358000.0
101649,2024-02-17,Sentrum,93.0,4.0,614319.0,7064000.0
101079,2023-09-27,Laksevåg,51.0,3.0,190643.0,2193000.0
101983,2024-05-10,Laksevåg,108.0,4.0,515253.0,5926000.0
100542,2023-05-16,Arna,128.0,5.0,561934.0,6463000.0
100916,2023-08-18,Sentrum,114.0,3.0,793626.0,9127000.0
100733,2023-07-03,Åsane,91.0,2.0,421001.0,4841000.0
101681,2024-02-25,Åsane,43.0,1.0,201182.0,2314000.0
100552,2023-05-19,Fana,101.0,5.0,648111.0,7453000.0
100362,2023-04-01,Laksevåg,118.0,3.0,517847.0,5956000.0
100549,2023-05-18,Arna,93.0,3.0,381180.0,4383000.0
100042,2023-01-11,Sentrum,130.0,5.0,902257.0,10376000.0
101259,2023-11-11,Fana,55.0,1.0,316095.0,3635000.0
100810,2023-07-22,Fana,112.0,5.0,666949.0,7670000.0
101755,2024-03-14,Fana,26.0,3.0,110459.0,1270000.0
101879,2024-04-14,Arna,115.0,3.0,469058.0,5394000.0
100652,2023-06-13,Laksevåg,131.0,7.0,593285.0,6823000.0
100535,2023-05-14,Åsane,84.0,1.0,402584.0,4630000.0
101826,2024-04-01,Åsane,115.0,4.0,598353.0,6880000.0
100740,2023-07-05,Arna,38.0,1.0,119982.0,1379000.0
101882,2024-04-15,Fana,80.0,3.0,429474.0,4939000.0
100642,2023-06-10,Åsane,72.0,3.0,333158.0,3831000.0
101878,2024-04-14,Laksevåg,58.0,2.0,263265.0,3027000.0
100554,2023-05-19,Laksevåg,53.0,2.0,225132.0,2588000.0
100157,2023-02-09,Sentrum,87.0,3.0,510841.0,5875000.0
100527,2023-05-12,Arna,99.0,3.0,461621.0,5309000.0
100649,2023-06-12,Åsane,133.0,5.0,670851.0,7716000.0
100309,2023-03-19,Arna,102.0,5.0,391974.0,4507000.0
101315,2023-11-25,Sentrum,57.0,4.0,331621.0,3813000.0
101503,2024-01-11,Sentrum,81.0,3.0,489814.0,5633000.0
100593,2023-05-29,Åsane,52.0,2.0,285279.0,3280000.0
101193,2023-10-26,Sentrum,43.0,1.0,305640.0,3516000.0
101795,2024-03-24,Fana,34.0,2.0,203222.0,2336000.0
101254,2023-11-10,Arna,62.0,4.0,294274.0,3384000.0
100065,2023-01-17,Sentrum,82.0,3.0,554001.0,6371000.0
101474,2024-01-04,Laksevåg,72.0,4.0,282128.0,3245000.0
101498,2024-01-10,Arna,46.0,1.0,137233.0,1578000.0
100893,2023-08-12,Sentrum,61.0,3.0,406154.0,4670000.0
101123,2023-10-08,Laksevåg,126.0,7.0,558904.0,6428000.0
100420,2023-04-16,Laksevåg,45.0,2.0,211084.0,2427000.0
100960,2023-08-29,Sentrum,20.0,1.0,132484.0,1523000.0
100974,2023-09-01,Arna,88.0,4.0,461448.0,5307000.0
100140,2023-02-05,Åsane,100.0,3.0,482434.0,5548000.0
101021,2023-09-13,Laksevåg,105.0,5.0,492050.0,5658000.0
101081,2023-09-28,Fana,67.0,1.0,370515.0,4260000.0
101689,2024-02-27,Sentrum,97.0,2.0,651028.0,7486000.0
101056,2023-09-22,Sentrum,55.0,3.0,434964.0,5003000.0
101978,2024-05-09,Arna,62.0,4.0,322149.0,3704000.0
100670,2023-06-17,Sentrum,85.0,4.0,545819.0,6276000.0
101164,2023-10-19,Arna,118.0,3.0,497517.0,5721000.0
101506,2024-01-12,Laksevåg,103.0,4.0,459649.0,5287000.0
100743,2023-07-05,Sentrum,32.0,1.0,221820.0,2551000.0
100258,2023-03-06,Fana,65.0,2.0,401874.0,4622000.0
100013,2023-01-04,Sentrum,83.0,3.0,549581.0,6319000.0
101792,2024-03-24,Fana,55.0,3.0,265739.0,3056000.0
101211,2023-10-30,Laksevåg,75.0,1.0,406011.0,4668000.0
100272,2023-03-10,Arna,67.0,2.0,230457.0,2650000.0
100114,2023-01-29,Sentrum,111.0,3.0,798116.0,9179000.0
100570,2023-05-23,Laksevåg,113.0,4.0,496155.0,5705000.0
100241,2023-03-02,Åsane,80.0,3.0,382737.0,4401000.0
101757,2024-03-15,Åsane,117.0,5.0,528518.0,6078000.0
100330,2023-03-24,Sentrum,99.0,3.0,670674.0,7713000.0
100679,2023-06-19,Fana,101.0,3.0,614642.0,7068000.0
101989,2024-05-12,Laksevåg,65.0,1.0,292280.0,3361000.0
100056,2023-01-15,Laksevåg,103.0,4.0,483282.0,5558000.0
101145,2023-10-14,Sentrum,77.0,3.0,495680.0,5702000.0
100411,2023-04-13,Laksevåg,123.0,4.0,580391.0,6676000.0
100435,2023-04-19,Laksevåg,122.0,7.0,543683.0,6252000.0
100957,2023-08-28,Arna,82.0,4.0,370126.0,4256000.0
101584,2024-02-01,Åsane,161.0,7.0,815622.0,9380000.0
100155,2023-02-08,Arna,45.0,3.0,149476.0,1719000.0
101285,2023-11-18,Åsane,69.0,3.0,328418.0,3777000.0
101002,2023-09-08,Sentrum,96.0,3.0,712521.0,8193000.0
100029,2023-01-08,Sentrum,97.0,4.0,748919.0,8612000.0
100035,2023-01-09,Laksevåg,101.0,4.0,410313.0,4719000.0
101982,2024-05-10,Fana,82.0,5.0,434249.0,4994000.0
100422,2023-04-16,Sentrum,122.0,6.0,787453.0,9055000.0
101819,2024-03-30,Laksevåg,105.0,5.0,503915.0,5795000.0
101518,2024-01-15,Åsane,76.0,3.0,352712.0,4057000.0
101818,2024-03-30,Sentrum,97.0,4.0,685950.0,7889000.0
101693,2024-02-28,Sentrum,136.0,5.0,903809.0,10395000.0
100358,2023-03-31,Laksevåg,115.0,4.0,527838.0,6070000.0
101240,2023-11-07,Fana,96.0,4.0,459782.0,5288000.0
101431,2023-12-24,Laksevåg,49.0,3.0,204757.0,2355000.0
101280,2023-11-17,Åsane,110.0,2.0,548262.0,6305000.0
101648,2024-02-17,Sentrum,157.0,7.0,1084179.0,12468000.0
100524,2023-05-12,Åsane,112.0,4.0,485718.0,5586000.0
101675,2024-02-23,Sentrum,44.0,3.0,253336.0,2913000.0
100737,2023-07-04,Arna,73.0,3.0,251573.0,2893000.0
101224,2023-11-03,Sentrum,98.0,5.0,687280.0,7904000.0
100265,2023-03-08,Arna,113.0,3.0,499618.0,5745000.0
101319,2023-11-26,Fana,126.0,6.0,681998.0,7844000.0
101265,2023-11-13,Åsane,50.0,4.0,229578.0,2641000.0
101390,2023-12-14,Arna,93.0,2.0,386088.0,4440000.0
101680,2024-02-25,Fana,44.0,2.0,272340.0,3132000.0
100983,2023-09-03,Sentrum,87.0,3.0,562242.0,6466000.0
100863,2023-08-04,Arna,93.0,2.0,413015.0,4750000.0
100927,2023-08-20,Fana,84.0,4.0,450515.0,5181000.0
100776,2023-07-14,Fana,108.0,4.0,642630.0,7389000.0
100984,2023-09-04,Åsane,92.0,4.0,470789.0,5416000.0
101788,2024-03-23,Sentrum,85.0,4.0,513052.0,5900000.0
100548,2023-05-18,Arna,116.0,6.0,521788.0,5999000.0
101852,2024-04-08,Åsane,98.0,3.0,457934.0,5266000.0
100132,2023-02-03,Fana,101.0,4.0,550443.0,6330000.0
101866,2024-04-11,Arna,101.0,4.0,316407.0,3639000.0
100494,2023-05-04,Laksevåg,124.0,5.0,531804.0,6116000.0
100580,2023-05-26,Fana,130.0,6.0,768222.0,8834000.0
101000,2023-09-08,Åsane,126.0,5.0,614754.0,7070000.0
101809,2024-03-28,Fana,20.0,1.0,159637.0,1836000.0
100431,2023-04-18,Sentrum,63.0,2.0,414431.0,4767000.0
101010,2023-09-10,Laksevåg,88.0,5.0,405425.0,4662000.0
101477,2024-01-05,Laksevåg,81.0,5.0,377168.0,4337000.0
101342,2023-12-02,Åsane,114.0,5.0,561252.0,6456000.0
101521,2024-01-16,Sentrum,88.0,4.0,614792.0,7070000.0
101736,2024-03-10,Arna,102.0,5.0,389601.0,4480000.0
101230,2023-11-04,Fana,62.0,3.0,325309.0,3741000.0
100040,2023-01-11,Sentrum,52.0,1.0,376984.0,4336000.0
101370,2023-12-09,Arna,110.0,4.0,379703.0,4367000.0
100075,2023-01-19,Arna,50.0,1.0,252105.0,2899000.0
101290,2023-11-19,Arna,158.0,5.0,627053.0,7212000.0
100724,2023-07-01,Laksevåg,126.0,5.0,508853.0,5851000.0
101175,2023-10-21,Fana,61.0,3.0,353498.0,4066000.0
101322,2023-11-27,Arna,138.0,6.0,517082.0,5947000.0
100247,2023-03-03,Åsane,167.0,7.0,839020.0,9649000.0
101069,2023-09-25,Laksevåg,79.0,3.0,356446.0,4099000.0
100961,2023-08-29,Arna,80.0,3.0,365843.0,4208000.0
101114,2023-10-06,Laksevåg,99.0,1.0,481341.0,5535000.0
100986,2023-09-04,Laksevåg,98.0,4.0,470084.0,5406000.0
100186,2023-02-16,Sentrum,76.0,4.0,545774.0,6277000.0
100963,2023-08-29,Arna,79.0,3.0,392877.0,4517000.0
100668,2023-06-17,Laksevåg,60.0,2.0,242273.0,2785000.0
100820,2023-07-25,Sentrum,126.0,3.0,841061.0,9672000.0
100312,2023-03-20,Laksevåg,127.0,5.0,560889.0,6451000.0
100008,2023-01-03,Åsane,69.0,2.0,316114.0,3635000.0
100891,2023-08-11,Laksevåg,85.0,2.0,348219.0,4004000.0
101796,2024-03-25,Arna,133.0,4.0,491804.0,5657000.0
101868,2024-04-12,Arna,96.0,4.0,367453.0,4226000.0
101042,2023-09-18,Åsane,72.0,3.0,333368.0,3834000.0
100996,2023-09-07,Laksevåg,74.0,4.0,372040.0,4278000.0
101814,2024-03-29,Fana,108.0,4.0,590773.0,6794000.0
101387,2023-12-13,Fana,151.0,6.0,846727.0,9737000.0
100757,2023-07-09,Fana,162.0,6.0,852591.0,9806000.0
101087,2023-09-29,Sentrum,125.0,5.0,879295.0,10112000.0
101517,2024-01-15,Laksevåg,83.0,4.0,373507.0,4296000.0
101335,2023-11-30,Fana,86.0,4.0,431266.0,4959000.0
101423,2023-12-22,Fana,102.0,5.0,637105.0,7327000.0
101686,2024-02-26,Fana,141.0,5.0,789597.0,9081000.0
101427,2023-12-23,Åsane,83.0,3.0,474147.0,5453000.0
100445,2023-04-22,Åsane,129.0,6.0,635379.0,7307000.0
101921,2024-04-25,Laksevåg,80.0,2.0,373038.0,4289000.0
101482,2024-01-06,Arna,88.0,4.0,371210.0,4268000.0
100464,2023-04-27,Fana,122.0,4.0,716142.0,8236000.0
101611,2024-02-07,Laksevåg,89.0,4.0,383862.0,4415000.0
100195,2023-02-18,Åsane,139.0,6.0,713413.0,8204000.0
101504,2024-01-12,Laksevåg,65.0,2.0,231083.0,2657000.0
101343,2023-12-02,Laksevåg,130.0,4.0,662515.0,7620000.0
100980,2023-09-03,Sentrum,112.0,4.0,745828.0,8576000.0
100657,2023-06-14,Åsane,69.0,2.0,351510.0,4043000.0
101210,2023-10-30,Åsane,72.0,3.0,338566.0,3894000.0
100785,2023-07-16,Sentrum,79.0,4.0,555903.0,6393000.0
101897,2024-04-19,Fana,90.0,3.0,601584.0,6918000.0
101183,2023-10-23,Sentrum,119.0,5.0,791470.0,9103000.0
100847,2023-07-31,Åsane,116.0,5.0,606138.0,6971000.0
100533,2023-05-14,Fana,144.0,5.0,851767.0,9796000.0
100243,2023-03-02,Sentrum,75.0,5.0,556817.0,6403000.0
101096,2023-10-02,Fana,67.0,2.0,464351.0,5340000.0
100401,2023-04-11,Laksevåg,108.0,3.0,566193.0,6511000.0
101049,2023-09-20,Arna,101.0,5.0,452726.0,5206000.0
101493,2024-01-09,Sentrum,64.0,4.0,356688.0,4102000.0
101944,2024-05-01,Fana,79.0,4.0,486082.0,5590000.0
101032,2023-09-16,Åsane,64.0,3.0,324396.0,3731000.0
101590,2024-02-02,Sentrum,140.0,6.0,993188.0,11422000.0
101582,2024-01-31,Fana,113.0,5.0,607838.0,6990000.0
100477,2023-04-30,Fana,82.0,5.0,408032.0,4692000.0
101805,2024-03-27,Sentrum,133.0,6.0,862621.0,9920000.0
101904,2024-04-21,Åsane,101.0,4.0,484659.0,5573000.0
101140,2023-10-13,Åsane,73.0,3.0,303650.0,3492000.0
101001,2023-09-08,Sentrum,99.0,4.0,658594.0,7574000.0
101017,2023-09-12,Sentrum,101.0,4.0,732126.0,8419000.0
100285,2023-03-13,Sentrum,93.0,3.0,638946.0,7348000.0
100471,2023-04-28,Åsane,64.0,3.0,352552.0,4055000.0
101388,2023-12-14,Laksevåg,49.0,4.0,192309.0,2211000.0
101057,2023-09-22,Arna,63.0,2.0,250533.0,2881000.0
101817,2024-03-30,Arna,112.0,4.0,438041.0,5037000.0
101550,2024-01-23,Åsane,97.0,3.0,514914.0,5922000.0
100946,2023-08-25,Laksevåg,64.0,3.0,301084.0,3463000.0
101984,2024-05-11,Åsane,101.0,2.0,533457.0,6135000.0
101525,2024-01-17,Fana,94.0,3.0,507011.0,5831000.0
101255,2023-11-10,Fana,114.0,4.0,640764.0,7368000.0
101774,2024-03-19,Åsane,119.0,7.0,538835.0,6197000.0
101031,2023-09-15,Arna,81.0,1.0,368781.0,4241000.0
101932,2024-04-28,Laksevåg,81.0,5.0,328555.0,3778000.0
101909,2024-04-22,Laksevåg,149.0,5.0,722949.0,8315000.0
101700,2024-03-01,Åsane,76.0,4.0,380954.0,4380000.0
101864,2024-04-11,Sentrum,109.0,5.0,667435.0,7675000.0
100426,2023-04-17,Fana,56.0,2.0,318119.0,3658000.0
101614,2024-02-08,Fana,73.0,4.0,386715.0,4446000.0
101013,2023-09-11,Fana,70.0,3.0,354725.0,4079000.0
101880,2024-04-15,Fana,67.0,3.0,371919.0,4277000.0
100661,2023-06-15,Laksevåg,113.0,5.0,527523.0,6067000.0
100875,2023-08-07,Åsane,77.0,4.0,353964.0,4071000.0
101923,2024-04-25,Sentrum,133.0,5.0,969430.0,11149000.0
100162,2023-02-10,Sentrum,74.0,2.0,461502.0,5308000.0
101349,2023-12-04,Sentrum,89.0,6.0,550828.0,6334000.0
100940,2023-08-24,Arna,108.0,5.0,502890.0,5783000.0
100944,2023-08-25,Laksevåg,143.0,5.0,614583.0,7068000.0
101288,2023-11-19,Arna,115.0,4.0,471154.0,5419000.0
100646,2023-06-11,Fana,93.0,3.0,476092.0,5476000.0
100924,2023-08-20,Arna,89.0,3.0,379821.0,4368000.0
100678,2023-06-19,Fana,89.0,5.0,520612.0,5987000.0
101883,2024-04-15,Laksevåg,78.0,6.0,353890.0,4071000.0
101928,2024-04-27,Åsane,97.0,3.0,477875.0,5496000.0
100194,2023-02-18,Åsane,82.0,3.0,382588.0,4399000.0
100752,2023-07-08,Sentrum,131.0,3.0,794528.0,9136000.0
100474,2023-04-29,Sentrum,95.0,5.0,641702.0,7380000.0
101765,2024-03-17,Arna,77.0,3.0,307697.0,3540000.0
100720,2023-06-30,Laksevåg,103.0,4.0,429805.0,4943000.0
100569,2023-05-23,Sentrum,76.0,3.0,511182.0,5879000.0
101428,2023-12-24,Sentrum,71.0,4.0,482478.0,5550000.0
100049,2023-01-13,Laksevåg,129.0,5.0,539812.0,6208000.0
101840,2024-04-05,Laksevåg,48.0,2.0,236186.0,2716000.0
100913,2023-08-17,Laksevåg,98.0,4.0,443899.0,5105000.0
100644,2023-06-11,Arna,72.0,3.0,294392.0,3386000.0
100722,2023-06-30,Åsane,104.0,4.0,499713.0,5747000.0
100110,2023-01-28,Sentrum,73.0,2.0,475968.0,5474000.0
101807,2024-03-27,Laksevåg,87.0,2.0,456961.0,5255000.0
101585,2024-02-01,Åsane,48.0,2.0,226854.0,2608000.0
101941,2024-04-30,Åsane,100.0,4.0,511637.0,5883000.0
100589,2023-05-28,Sentrum,109.0,4.0,704153.0,8097000.0
101394,2023-12-15,Arna,44.0,4.0,193329.0,2223000.0
101499,2024-01-10,Sentrum,78.0,3.0,468141.0,5385000.0
100044,2023-01-12,Arna,98.0,4.0,410940.0,4725000.0
101997,2024-05-14,Fana,29.0,2.0,179625.0,2065000.0
100245,2023-03-03,Åsane,96.0,5.0,468192.0,5384000.0
101688,2024-02-27,Laksevåg,97.0,5.0,436699.0,5022000.0
100300,2023-03-17,Åsane,126.0,6.0,574641.0,6608000.0
101029,2023-09-15,Åsane,45.0,2.0,237279.0,2729000.0
100583,2023-05-26,Sentrum,100.0,5.0,706244.0,8121000.0
100788,2023-07-17,Arna,69.0,4.0,264866.0,3046000.0
101748,2024-03-13,Laksevåg,115.0,3.0,507560.0,5837000.0
100269,2023-03-09,Fana,65.0,1.0,363027.0,4175000.0
101953,2024-05-03,Arna,85.0,3.0,314761.0,3619000.0
101409,2023-12-19,Sentrum,58.0,2.0,375742.0,4322000.0
100313,2023-03-20,Sentrum,57.0,3.0,380199.0,4373000.0
101364,2023-12-08,Sentrum,87.0,3.0,547109.0,6292000.0
100283,2023-03-12,Arna,74.0,2.0,266517.0,3066000.0
101404,2023-12-18,Arna,105.0,5.0,446027.0,5130000.0
100540,2023-05-16,Åsane,82.0,4.0,370343.0,4259000.0
100911,2023-08-16,Laksevåg,43.0,1.0,175264.0,2015000.0
100938,2023-08-23,Arna,79.0,3.0,316948.0,3645000.0
100406,2023-04-12,Fana,56.0,1.0,332404.0,3822000.0
101523,2024-01-16,Fana,48.0,2.0,297525.0,3422000.0
100338,2023-03-26,Åsane,126.0,4.0,594178.0,6833000.0
100466,2023-04-27,Fana,66.0,1.0,373251.0,4292000.0
100363,2023-04-01,Laksevåg,79.0,5.0,356704.0,4103000.0
101122,2023-10-08,Åsane,94.0,4.0,462413.0,5317000.0
100818,2023-07-24,Laksevåg,123.0,5.0,518587.0,5964000.0
100997,2023-09-07,Sentrum,132.0,4.0,894937.0,10292000.0
100320,2023-03-22,Arna,100.0,2.0,402126.0,4624000.0
101553,2024-01-24,Åsane,64.0,1.0,393330.0,4523000.0
101228,2023-11-04,Fana,97.0,3.0,535150.0,6155000.0
101236,2023-11-06,Arna,113.0,6.0,480450.0,5525000.0
101328,2023-11-29,Arna,39.0,1.0,168366.0,1937000.0
100070,2023-01-18,Åsane,92.0,2.0,396629.0,4562000.0
101652,2024-02-18,Åsane,20.0,1.0,49175.0,566000.0
101486,2024-01-07,Fana,110.0,4.0,669816.0,7704000.0
100500,2023-05-06,Laksevåg,129.0,4.0,593598.0,6827000.0
100010,2023-01-03,Åsane,71.0,5.0,315446.0,3628000.0
100685,2023-06-21,Sentrum,72.0,3.0,453358.0,5214000.0
101505,2024-01-12,Sentrum,52.0,2.0,378223.0,4350000.0
100505,2023-05-07,Arna,99.0,5.0,410408.0,4720000.0
101572,2024-01-29,Fana,98.0,5.0,490929.0,5646000.0
101036,2023-09-17,Arna,101.0,5.0,467775.0,5380000.0
100083,2023-01-21,Arna,57.0,3.0,173527.0,1997000.0
101307,2023-11-23,Sentrum,156.0,6.0,1015672.0,11680000.0
101770,2024-03-18,Åsane,70.0,3.0,302930.0,3484000.0
101912,2024-04-23,Sentrum,93.0,3.0,599510.0,6895000.0
100064,2023-01-17,Åsane,100.0,3.0,485102.0,5579000.0
101115,2023-10-06,Fana,59.0,2.0,301885.0,3472000.0
101414,2023-12-20,Fana,122.0,4.0,723795.0,8324000.0
101903,2024-04-20,Laksevåg,71.0,1.0,296762.0,3413000.0
101712,2024-03-04,Laksevåg,113.0,5.0,550941.0,6336000.0
100416,2023-04-15,Sentrum,77.0,3.0,506836.0,5829000.0
101309,2023-11-24,Arna,99.0,2.0,419993.0,4830000.0
101166,2023-10-19,Sentrum,111.0,6.0,669037.0,7694000.0
100979,2023-09-02,Fana,156.0,5.0,957520.0,11011000.0
100205,2023-02-21,Arna,76.0,3.0,320147.0,3682000.0
100328,2023-03-24,Arna,92.0,4.0,331517.0,3813000.0
100808,2023-07-22,Åsane,69.0,3.0,341422.0,3927000.0
100486,2023-05-02,Åsane,69.0,2.0,314211.0,3613000.0
101540,2024-01-21,Sentrum,97.0,5.0,605522.0,6963000.0
101697,2024-02-29,Laksevåg,78.0,3.0,398893.0,4587000.0
101213,2023-10-31,Fana,70.0,3.0,441725.0,5079000.0
100528,2023-05-13,Fana,87.0,3.0,548269.0,6306000.0
101920,2024-04-25,Arna,89.0,3.0,409275.0,4707000.0
100656,2023-06-14,Laksevåg,112.0,4.0,488705.0,5619000.0
100897,2023-08-13,Åsane,73.0,2.0,412586.0,4744000.0
100418,2023-04-15,Åsane,120.0,5.0,614214.0,7064000.0
101799,2024-03-25,Sentrum,75.0,3.0,489440.0,5628000.0
100858,2023-08-03,Sentrum,106.0,6.0,683176.0,7856000.0
101323,2023-11-27,Sentrum,99.0,6.0,615906.0,7083000.0
100359,2023-03-31,Sentrum,120.0,5.0,809241.0,9306000.0
101601,2024-02-05,Åsane,86.0,5.0,445648.0,5125000.0
100267,2023-03-08,Laksevåg,84.0,3.0,320278.0,3683000.0
100844,2023-07-31,Fana,63.0,2.0,418533.0,4813000.0
101380,2023-12-12,Sentrum,86.0,2.0,502019.0,5773000.0
100879,2023-08-08,Laksevåg,74.0,2.0,337976.0,3886000.0
100590,2023-05-28,Laksevåg,44.0,1.0,183074.0,2106000.0
100725,2023-07-01,Åsane,80.0,4.0,380538.0,4376000.0
100826,2023-07-26,Arna,86.0,4.0,374612.0,4309000.0
100994,2023-09-06,Fana,47.0,1.0,273068.0,3141000.0
101448,2023-12-29,Arna,119.0,4.0,491035.0,5647000.0
100472,2023-04-29,Arna,84.0,3.0,312053.0,3589000.0
101628,2024-02-12,Laksevåg,97.0,6.0,492581.0,5664000.0
100131,2023-02-02,Laksevåg,98.0,3.0,429837.0,4943000.0
100015,2023-01-04,Åsane,68.0,4.0,337232.0,3878000.0
100439,2023-04-20,Laksevåg,74.0,3.0,313399.0,3604000.0
101974,2024-05-08,Laksevåg,63.0,2.0,310240.0,3568000.0
101410,2023-12-19,Arna,89.0,4.0,352168.0,4051000.0
101886,2024-04-16,Laksevåg,20.0,1.0,107737.0,1239000.0
100476,2023-04-30,Åsane,78.0,2.0,349884.0,4024000.0
101027,2023-09-14,Sentrum,87.0,6.0,550346.0,6329000.0
101749,2024-03-13,Sentrum,60.0,4.0,361990.0,4163000.0
100904,2023-08-15,Sentrum,121.0,5.0,825033.0,9488000.0
101275,2023-11-15,Arna,108.0,6.0,430265.0,4948000.0
100728,2023-07-02,Arna,146.0,4.0,611675.0,7033000.0
100853,2023-08-02,Arna,101.0,3.0,438637.0,5044000.0
101354,2023-12-05,Arna,59.0,1.0,233533.0,2685000.0
101237,2023-11-06,Åsane,77.0,3.0,425254.0,4890000.0
100693,2023-06-23,Arna,139.0,4.0,560977.0,6450000.0
100914,2023-08-17,Åsane,73.0,3.0,375473.0,4318000.0
101683,2024-02-25,Laksevåg,65.0,2.0,243777.0,2803000.0
101668,2024-02-22,Åsane,47.0,2.0,194672.0,2239000.0
100703,2023-06-25,Arna,81.0,4.0,375168.0,4315000.0
100103,2023-01-26,Arna,58.0,2.0,257313.0,2958000.0
101638,2024-02-14,Laksevåg,68.0,3.0,306474.0,3524000.0
100060,2023-01-16,Sentrum,77.0,3.0,470325.0,5410000.0
100784,2023-07-16,Arna,85.0,5.0,344637.0,3963000.0
101084,2023-09-29,Fana,59.0,3.0,369440.0,4249000.0
100969,2023-08-31,Fana,68.0,4.0,422308.0,4857000.0
101520,2024-01-16,Laksevåg,89.0,4.0,335749.0,3861000.0
100078,2023-01-20,Fana,91.0,4.0,584275.0,6720000.0
101956,2024-05-04,Arna,64.0,2.0,273972.0,3151000.0
100391,2023-04-08,Arna,76.0,4.0,213828.0,2459000.0
100165,2023-02-11,Sentrum,89.0,5.0,549748.0,6323000.0
101351,2023-12-04,Arna,121.0,5.0,542238.0,6236000.0
101187,2023-10-24,Sentrum,95.0,3.0,644644.0,7413000.0
100985,2023-09-04,Arna,55.0,1.0,240921.0,2770000.0
101382,2023-12-12,Åsane,92.0,4.0,386945.0,4450000.0
101577,2024-01-30,Arna,95.0,5.0,400044.0,4600000.0
100907,2023-08-15,Laksevåg,110.0,5.0,521261.0,5994000.0
101822,2024-03-31,Fana,113.0,7.0,632788.0,7277000.0
100349,2023-03-29,Laksevåg,109.0,4.0,485989.0,5589000.0
100185,2023-02-16,Sentrum,106.0,3.0,705338.0,8111000.0
101853,2024-04-08,Laksevåg,87.0,5.0,439693.0,5056000.0
100371,2023-04-03,Arna,78.0,3.0,353928.0,4070000.0
100117,2023-01-30,Fana,112.0,3.0,623579.0,7171000.0
101762,2024-03-16,Åsane,137.0,5.0,678845.0,7806000.0
101116,2023-10-07,Laksevåg,59.0,3.0,233920.0,2690000.0
100507,2023-05-07,Arna,103.0,4.0,387799.0,4459000.0
101311,2023-11-24,Laksevåg,85.0,4.0,394170.0,4533000.0
100395,2023-04-09,Arna,93.0,5.0,389700.0,4482000.0
100625,2023-06-06,Fana,39.0,1.0,169218.0,1946000.0
100695,2023-06-23,Arna,80.0,3.0,329468.0,3789000.0
101516,2024-01-15,Arna,105.0,3.0,437934.0,5036000.0
100761,2023-07-10,Laksevåg,124.0,4.0,561212.0,6454000.0
101103,2023-10-03,Sentrum,97.0,4.0,667382.0,7675000.0
100263,2023-03-07,Sentrum,80.0,4.0,583438.0,6709000.0
101803,2024-03-26,Arna,54.0,2.0,253350.0,2913000.0
100846,2023-07-31,Arna,111.0,4.0,445586.0,5124000.0
100783,2023-07-15,Sentrum,133.0,5.0,849224.0,9766000.0
101696,2024-02-29,Fana,83.0,3.0,541781.0,6231000.0
101728,2024-03-08,Sentrum,81.0,4.0,529004.0,6084000.0
101913,2024-04-23,Laksevåg,56.0,3.0,248183.0,2854000.0
100771,2023-07-12,Åsane,101.0,4.0,493629.0,5676000.0
101629,2024-02-12,Arna,100.0,4.0,471228.0,5418000.0
100051,2023-01-13,Fana,54.0,3.0,321066.0,3693000.0
101546,2024-01-22,Fana,57.0,2.0,335927.0,3863000.0
100493,2023-05-04,Arna,70.0,2.0,235457.0,2708000.0
100601,2023-05-31,Sentrum,49.0,1.0,385128.0,4430000.0
101902,2024-04-20,Sentrum,80.0,4.0,521458.0,5996000.0
101260,2023-11-12,Arna,47.0,2.0,208395.0,2395000.0
100993,2023-09-06,Laksevåg,86.0,3.0,379802.0,4367000.0
101738,2024-03-10,Sentrum,125.0,4.0,887635.0,10208000.0
101169,2023-10-20,Sentrum,139.0,4.0,917342.0,10550000.0
100238,2023-03-01,Åsane,20.0,1.0,65696.0,755000.0
100097,2023-01-25,Åsane,72.0,2.0,336364.0,3868000.0
101760,2024-03-16,Laksevåg,62.0,2.0,284382.0,3270000.0
101758,2024-03-15,Arna,91.0,3.0,428228.0,4925000.0
100183,2023-02-15,Fana,84.0,3.0,405591.0,4665000.0
101771,2024-03-18,Arna,83.0,2.0,341853.0,3932000.0
100613,2023-06-03,Arna,70.0,2.0,268962.0,3094000.0
101227,2023-11-03,Fana,124.0,6.0,663080.0,7625000.0
100081,2023-01-21,Laksevåg,71.0,3.0,303861.0,3494000.0
100484,2023-05-02,Åsane,69.0,2.0,344368.0,3960000.0
100397,2023-04-10,Arna,57.0,3.0,195774.0,2252000.0
101475,2024-01-04,Laksevåg,82.0,3.0,361342.0,4156000.0
101551,2024-01-23,Laksevåg,110.0,5.0,510236.0,5867000.0
101829,2024-04-02,Åsane,115.0,6.0,589282.0,6777000.0
100088,2023-01-23,Fana,67.0,3.0,394154.0,4533000.0
100038,2023-01-10,Laksevåg,114.0,2.0,541982.0,6233000.0
101073,2023-09-26,Fana,93.0,2.0,538087.0,6188000.0
101555,2024-01-24,Åsane,55.0,2.0,256894.0,2954000.0
100571,2023-05-23,Arna,88.0,5.0,317829.0,3655000.0
101625,2024-02-11,Åsane,33.0,1.0,97596.0,1122000.0
101185,2023-10-24,Arna,116.0,5.0,489383.0,5627000.0
100934,2023-08-22,Sentrum,104.0,2.0,696307.0,8008000.0
100261,2023-03-07,Sentrum,76.0,4.0,549875.0,6323000.0
101662,2024-02-20,Laksevåg,74.0,2.0,355777.0,4091000.0
101986,2024-05-11,Åsane,33.0,1.0,95904.0,1104000.0
100356,2023-03-31,Laksevåg,79.0,3.0,396272.0,4557000.0
100608,2023-06-02,Sentrum,50.0,2.0,373657.0,4296000.0
101608,2024-02-07,Laksevåg,100.0,3.0,491630.0,5654000.0
100239,2023-03-01,Fana,56.0,1.0,306867.0,3529000.0
101151,2023-10-15,Fana,117.0,6.0,717337.0,8248000.0
101425,2023-12-23,Sentrum,75.0,3.0,491757.0,5656000.0
100119,2023-01-30,Fana,125.0,5.0,785273.0,9031000.0
101286,2023-11-18,Arna,86.0,3.0,334862.0,3851000.0
101137,2023-10-12,Åsane,94.0,4.0,479971.0,5520000.0
100751,2023-07-07,Arna,106.0,5.0,409138.0,4705000.0
101226,2023-11-03,Sentrum,73.0,3.0,496203.0,5705000.0
100374,2023-04-04,Sentrum,57.0,3.0,350749.0,4033000.0
101836,2024-04-04,Laksevåg,149.0,5.0,671796.0,7726000.0
101583,2024-01-31,Sentrum,102.0,3.0,698229.0,8030000.0
101097,2023-10-02,Laksevåg,118.0,4.0,550683.0,6333000.0
100729,2023-07-02,Laksevåg,61.0,3.0,343581.0,3951000.0
100410,2023-04-13,Sentrum,92.0,3.0,612228.0,7041000.0
101302,2023-11-22,Fana,63.0,4.0,346799.0,3987000.0
101089,2023-09-30,Arna,121.0,4.0,476813.0,5484000.0
101672,2024-02-23,Fana,98.0,4.0,625094.0,7189000.0
100867,2023-08-05,Åsane,119.0,5.0,590791.0,6795000.0
101753,2024-03-14,Arna,98.0,4.0,374357.0,4305000.0
100382,2023-04-06,Sentrum,64.0,3.0,457207.0,5258000.0
101623,2024-02-10,Åsane,123.0,4.0,602679.0,6931000.0
100541,2023-05-16,Åsane,98.0,4.0,463232.0,5327000.0
101261,2023-11-12,Sentrum,106.0,2.0,799694.0,9196000.0
101554,2024-01-24,Åsane,53.0,2.0,262547.0,3018000.0
101806,2024-03-27,Arna,165.0,8.0,649872.0,7473000.0
100188,2023-02-17,Sentrum,101.0,3.0,736550.0,8470000.0
100681,2023-06-20,Laksevåg,60.0,2.0,268936.0,3092000.0
101154,2023-10-16,Laksevåg,104.0,7.0,489046.0,5624000.0
100316,2023-03-21,Arna,66.0,2.0,287357.0,3306000.0
101850,2024-04-07,Fana,105.0,7.0,609164.0,7006000.0
101320,2023-11-27,Sentrum,110.0,3.0,725118.0,8339000.0
100874,2023-08-07,Laksevåg,76.0,3.0,343969.0,3955000.0
100660,2023-06-15,Åsane,72.0,3.0,322591.0,3709000.0
100531,2023-05-13,Fana,101.0,3.0,605767.0,6966000.0
100255,2023-03-05,Sentrum,116.0,3.0,730600.0,8402000.0
101054,2023-09-21,Sentrum,97.0,4.0,663338.0,7627000.0
100662,2023-06-15,Fana,162.0,5.0,877301.0,10089000.0
101587,2024-02-01,Åsane,76.0,3.0,315806.0,3632000.0
100230,2023-02-27,Sentrum,69.0,3.0,489402.0,5627000.0
100901,2023-08-14,Laksevåg,130.0,6.0,560240.0,6443000.0
101656,2024-02-19,Sentrum,73.0,2.0,460689.0,5298000.0
101339,2023-12-01,Sentrum,66.0,3.0,475860.0,5473000.0
100380,2023-04-06,Sentrum,57.0,3.0,387517.0,4456000.0
100864,2023-08-05,Åsane,95.0,3.0,502554.0,5779000.0
100787,2023-07-16,Åsane,72.0,1.0,371723.0,4274000.0
100101,2023-01-26,Fana,120.0,4.0,679279.0,7812000.0
101545,2024-01-22,Arna,118.0,5.0,472030.0,5428000.0
101566,2024-01-27,Laksevåg,82.0,3.0,375146.0,4314000.0
101248,2023-11-09,Laksevåg,121.0,6.0,543336.0,6250000.0
101660,2024-02-20,Åsane,111.0,3.0,567230.0,6523000.0
101360,2023-12-07,Arna,125.0,5.0,545695.0,6276000.0
100877,2023-08-08,Åsane,82.0,1.0,349221.0,4016000.0
101264,2023-11-13,Sentrum,79.0,2.0,544656.0,6263000.0
101942,2024-04-30,Laksevåg,57.0,1.0,267520.0,3076000.0
100566,2023-05-22,Åsane,131.0,4.0,617613.0,7102000.0
101691,2024-02-27,Laksevåg,30.0,2.0,182702.0,2102000.0
101481,2024-01-06,Sentrum,99.0,4.0,644405.0,7411000.0
100798,2023-07-19,Sentrum,51.0,3.0,413398.0,4754000.0
100523,2023-05-11,Laksevåg,83.0,3.0,349065.0,4015000.0
100626,2023-06-06,Fana,91.0,3.0,525168.0,6040000.0
100495,2023-05-04,Sentrum,33.0,1.0,218720.0,2515000.0
100158,2023-02-09,Laksevåg,54.0,4.0,266307.0,3063000.0
100790,2023-07-17,Fana,111.0,4.0,641436.0,7377000.0
101663,2024-02-20,Laksevåg,68.0,3.0,282381.0,3247000.0
101513,2024-01-14,Fana,135.0,6.0,742600.0,8540000.0
100366,2023-04-02,Laksevåg,94.0,4.0,426235.0,4902000.0
100228,2023-02-27,Arna,76.0,2.0,290205.0,3337000.0
100912,2023-08-17,Sentrum,76.0,4.0,507091.0,5830000.0
100417,2023-04-15,Arna,113.0,4.0,464908.0,5347000.0
100742,2023-07-05,Laksevåg,105.0,4.0,458196.0,5269000.0
100079,2023-01-20,Arna,150.0,6.0,624110.0,7177000.0
100492,2023-05-04,Fana,97.0,4.0,528194.0,6074000.0
101884,2024-04-16,Åsane,32.0,1.0,130387.0,1499000.0
101779,2024-03-20,Sentrum,60.0,2.0,364098.0,4187000.0
100824,2023-07-26,Fana,74.0,2.0,415630.0,4780000.0
101375,2023-12-10,Fana,95.0,6.0,536061.0,6165000.0
101268,2023-11-14,Laksevåg,99.0,4.0,530422.0,6100000.0
101673,2024-02-23,Åsane,66.0,3.0,320626.0,3687000.0
101908,2024-04-22,Laksevåg,29.0,1.0,153610.0,1767000.0
101396,2023-12-16,Åsane,134.0,5.0,626160.0,7201000.0
101024,2023-09-14,Fana,105.0,4.0,591872.0,6807000.0
100413,2023-04-14,Sentrum,20.0,1.0,125584.0,1443000.0
100592,2023-05-29,Sentrum,91.0,3.0,562761.0,6472000.0
101291,2023-11-19,Fana,125.0,5.0,757028.0,8706000.0
101643,2024-02-15,Fana,28.0,3.0,139355.0,1603000.0
101568,2024-01-28,Sentrum,40.0,1.0,238716.0,2745000.0
100127,2023-02-01,Laksevåg,98.0,5.0,444102.0,5108000.0
101444,2023-12-28,Arna,88.0,5.0,330825.0,3805000.0
101500,2024-01-11,Arna,126.0,4.0,489827.0,5633000.0
101296,2023-11-21,Åsane,89.0,2.0,487809.0,5610000.0
100403,2023-04-11,Arna,154.0,5.0,602683.0,6931000.0
100150,2023-02-07,Arna,81.0,3.0,360410.0,4144000.0
100346,2023-03-28,Arna,84.0,3.0,358313.0,4121000.0
101321,2023-11-27,Åsane,139.0,7.0,640506.0,7366000.0
100394,2023-04-09,Fana,106.0,4.0,578681.0,6655000.0
100062,2023-01-16,Fana,142.0,6.0,823748.0,9473000.0
101282,2023-11-17,Arna,76.0,5.0,266668.0,3066000.0
100208,2023-02-22,Laksevåg,76.0,6.0,365240.0,4200000.0
100496,2023-05-05,Åsane,84.0,3.0,409471.0,4709000.0
100352,2023-03-30,Åsane,78.0,4.0,322016.0,3704000.0
100095,2023-01-24,Arna,121.0,7.0,502102.0,5776000.0
101061,2023-09-23,Åsane,114.0,5.0,558571.0,6424000.0
100959,2023-08-28,Fana,107.0,5.0,636821.0,7323000.0
100143,2023-02-05,Laksevåg,101.0,4.0,490648.0,5643000.0
101182,2023-10-23,Laksevåg,72.0,2.0,305700.0,3516000.0
101726,2024-03-07,Arna,94.0,2.0,356155.0,4095000.0
101489,2024-01-08,Laksevåg,111.0,4.0,522043.0,6004000.0
101996,2024-05-14,Åsane,73.0,2.0,344657.0,3964000.0
100236,2023-03-01,Sentrum,37.0,1.0,209422.0,2408000.0
100222,2023-02-25,Arna,71.0,3.0,269822.0,3103000.0
101769,2024-03-18,Laksevåg,52.0,1.0,201435.0,2317000.0
100345,2023-03-28,Arna,47.0,3.0,157692.0,1813000.0
100120,2023-01-31,Åsane,114.0,6.0,583117.0,6705000.0
100588,2023-05-28,Sentrum,59.0,4.0,363212.0,4177000.0
101998,2024-05-14,Laksevåg,63.0,3.0,350448.0,4031000.0
100332,2023-03-25,Fana,109.0,4.0,571119.0,6569000.0
101086,2023-09-29,Arna,101.0,5.0,402200.0,4625000.0
101766,2024-03-17,Sentrum,115.0,6.0,829062.0,9534000.0
100193,2023-02-18,Fana,88.0,3.0,447646.0,5147000.0
100235,2023-02-28,Arna,55.0,3.0,223706.0,2573000.0
100181,2023-02-15,Arna,59.0,1.0,288422.0,3317000.0
101975,2024-05-08,Sentrum,86.0,3.0,542960.0,6244000.0
100389,2023-04-08,Arna,101.0,5.0,393234.0,4523000.0
100968,2023-08-31,Arna,55.0,4.0,239030.0,2749000.0
101919,2024-04-24,Laksevåg,41.0,2.0,208027.0,2392000.0
100669,2023-06-17,Laksevåg,100.0,3.0,468753.0,5391000.0
101708,2024-03-03,Arna,20.0,1.0,72353.0,832000.0
101862,2024-04-10,Sentrum,85.0,5.0,550662.0,6334000.0
100331,2023-03-24,Fana,45.0,1.0,285098.0,3278000.0
100614,2023-06-03,Arna,82.0,5.0,315310.0,3626000.0
101030,2023-09-15,Åsane,101.0,5.0,507047.0,5831000.0
100266,2023-03-08,Laksevåg,72.0,4.0,289751.0,3332000.0
101062,2023-09-23,Laksevåg,72.0,3.0,289616.0,3331000.0
101943,2024-04-30,Arna,48.0,2.0,172644.0,1986000.0
100545,2023-05-17,Åsane,53.0,2.0,217712.0,2504000.0
101142,2023-10-13,Fana,38.0,1.0,229750.0,2641000.0
101245,2023-11-08,Arna,79.0,3.0,335534.0,3858000.0
100105,2023-01-27,Sentrum,52.0,4.0,285551.0,3284000.0
101458,2023-12-31,Laksevåg,123.0,6.0,633974.0,7290000.0
101934,2024-04-28,Laksevåg,147.0,6.0,681784.0,7841000.0
100630,2023-06-07,Sentrum,47.0,1.0,323157.0,3715000.0
100683,2023-06-20,Åsane,95.0,3.0,487955.0,5612000.0
100020,2023-01-06,Laksevåg,86.0,4.0,428614.0,4929000.0
100870,2023-08-06,Fana,80.0,2.0,504956.0,5807000.0
100242,2023-03-02,Sentrum,116.0,6.0,780536.0,8976000.0
100050,2023-01-13,Åsane,101.0,4.0,520576.0,5986000.0
101186,2023-10-24,Åsane,89.0,5.0,357818.0,4115000.0
100915,2023-08-17,Sentrum,84.0,4.0,514859.0,5920000.0
100441,2023-04-21,Arna,122.0,6.0,485500.0,5583000.0
100707,2023-06-26,Laksevåg,71.0,2.0,291179.0,3349000.0
101310,2023-11-24,Laksevåg,90.0,3.0,432772.0,4977000.0
101436,2023-12-26,Arna,117.0,6.0,446049.0,5129000.0
100822,2023-07-25,Fana,75.0,2.0,385504.0,4433000.0
100301,2023-03-17,Sentrum,109.0,6.0,684048.0,7866000.0
100172,2023-02-13,Sentrum,117.0,5.0,807695.0,9289000.0
100284,2023-03-13,Arna,20.0,1.0,146646.0,1687000.0
100920,2023-08-19,Fana,72.0,3.0,345081.0,3968000.0
101851,2024-04-07,Åsane,95.0,3.0,488334.0,5616000.0
101234,2023-11-05,Fana,87.0,3.0,518223.0,5959000.0
100344,2023-03-28,Arna,83.0,5.0,296217.0,3407000.0
100306,2023-03-18,Fana,86.0,3.0,438741.0,5045000.0
101959,2024-05-04,Laksevåg,110.0,4.0,563891.0,6485000.0
100922,2023-08-19,Laksevåg,56.0,3.0,225160.0,2590000.0
101777,2024-03-20,Åsane,91.0,4.0,363946.0,4187000.0
100167,2023-02-11,Laksevåg,45.0,3.0,166206.0,1911000.0
100421,2023-04-16,Sentrum,132.0,7.0,852600.0,9805000.0
100225,2023-02-26,Laksevåg,131.0,5.0,674452.0,7756000.0
100012,2023-01-04,Laksevåg,20.0,1.0,25117.0,289000.0
101729,2024-03-08,Sentrum,103.0,4.0,644342.0,7410000.0
101092,2023-10-01,Arna,108.0,4.0,420961.0,4842000.0
100090,2023-01-23,Åsane,81.0,2.0,357860.0,4115000.0
101530,2024-01-18,Fana,126.0,5.0,736371.0,8468000.0
101657,2024-02-19,Arna,51.0,2.0,174207.0,2003000.0
100857,2023-08-03,Sentrum,91.0,4.0,697955.0,8026000.0
101710,2024-03-03,Sentrum,43.0,1.0,247611.0,2847000.0
101709,2024-03-03,Arna,79.0,3.0,342129.0,3934000.0
100304,2023-03-18,Sentrum,98.0,3.0,685445.0,7883000.0
101895,2024-04-18,Arna,87.0,5.0,363906.0,4184000.0
101674,2024-02-23,Sentrum,30.0,1.0,158842.0,1828000.0
101937,2024-04-29,Åsane,97.0,2.0,481822.0,5541000.0
101924,2024-04-26,Arna,137.0,5.0,561814.0,6460000.0
101232,2023-11-05,Laksevåg,117.0,4.0,594596.0,6838000.0
100490,2023-05-03,Laksevåg,66.0,3.0,294018.0,3381000.0
100074,2023-01-19,Arna,145.0,5.0,561870.0,6462000.0
100515,2023-05-09,Sentrum,61.0,2.0,413650.0,4757000.0
101095,2023-10-01,Laksevåg,157.0,8.0,691919.0,7958000.0
100561,2023-05-21,Arna,79.0,5.0,334677.0,3848000.0
100179,2023-02-14,Arna,83.0,3.0,325177.0,3739000.0
100109,2023-01-28,Arna,102.0,3.0,396184.0,4556000.0
100116,2023-01-30,Laksevåg,133.0,5.0,677922.0,7797000.0
100293,2023-03-15,Laksevåg,113.0,5.0,506052.0,5819000.0
101100,2023-10-03,Arna,95.0,3.0,339541.0,3904000.0
101072,2023-09-26,Arna,87.0,2.0,326149.0,3750000.0
100643,2023-06-10,Fana,73.0,2.0,474877.0,5462000.0
100772,2023-07-13,Arna,20.0,1.0,135485.0,1559000.0
101667,2024-02-21,Sentrum,83.0,3.0,586096.0,6740000.0
101401,2023-12-17,Arna,42.0,2.0,159433.0,1834000.0
100622,2023-06-05,Sentrum,117.0,6.0,775600.0,8920000.0
101636,2024-02-14,Åsane,113.0,5.0,536381.0,6168000.0
101639,2024-02-14,Arna,73.0,2.0,307608.0,3537000.0
100409,2023-04-13,Åsane,95.0,5.0,451663.0,5195000.0
100636,2023-06-09,Sentrum,142.0,5.0,967426.0,11126000.0
101967,2024-05-06,Åsane,70.0,2.0,342417.0,3938000.0
100288,2023-03-14,Sentrum,71.0,3.0,484429.0,5571000.0
101782,2024-03-21,Åsane,100.0,5.0,451603.0,5193000.0
101181,2023-10-23,Åsane,73.0,3.0,376060.0,4325000.0
100337,2023-03-26,Sentrum,58.0,1.0,453069.0,5210000.0
101962,2024-05-05,Sentrum,113.0,4.0,721801.0,8300000.0
101899,2024-04-19,Arna,119.0,6.0,479488.0,5514000.0
101012,2023-09-11,Sentrum,89.0,5.0,592718.0,6816000.0
100046,2023-01-12,Sentrum,134.0,6.0,922265.0,10606000.0
100747,2023-07-06,Åsane,47.0,3.0,223586.0,2571000.0
101449,2023-12-29,Fana,20.0,1.0,130664.0,1503000.0
100753,2023-07-08,Åsane,36.0,4.0,252452.0,2904000.0
100462,2023-04-26,Arna,59.0,2.0,258622.0,2974000.0
101988,2024-05-12,Åsane,146.0,8.0,660932.0,7600000.0
101596,2024-02-04,Åsane,47.0,1.0,214431.0,2466000.0
101958,2024-05-04,Arna,34.0,2.0,148076.0,1703000.0
101627,2024-02-11,Fana,66.0,3.0,343189.0,3946000.0
100424,2023-04-17,Åsane,153.0,5.0,712483.0,8193000.0
100325,2023-03-23,Arna,87.0,4.0,346646.0,3987000.0
100664,2023-06-16,Arna,67.0,3.0,217182.0,2498000.0
100350,2023-03-29,Arna,44.0,2.0,206963.0,2380000.0
100447,2023-04-22,Sentrum,93.0,3.0,671891.0,7727000.0
101353,2023-12-05,Laksevåg,134.0,5.0,582761.0,6702000.0
101041,2023-09-18,Sentrum,64.0,4.0,405930.0,4668000.0
101885,2024-04-16,Fana,104.0,3.0,580510.0,6676000.0
101424,2023-12-23,Fana,117.0,5.0,689843.0,7933000.0
101149,2023-10-15,Åsane,109.0,5.0,464830.0,5345000.0
101963,2024-05-05,Laksevåg,57.0,1.0,292122.0,3360000.0
100754,2023-07-08,Åsane,142.0,6.0,710934.0,8176000.0
100138,2023-02-04,Sentrum,20.0,3.0,107140.0,1233000.0
100451,2023-04-23,Åsane,103.0,4.0,528074.0,6073000.0
101194,2023-10-26,Fana,68.0,2.0,322315.0,3706000.0
100699,2023-06-24,Fana,51.0,2.0,312160.0,3590000.0
101157,2023-10-17,Åsane,20.0,1.0,6856.0,79000.0
101705,2024-03-02,Sentrum,100.0,3.0,695466.0,7998000.0
100830,2023-07-27,Fana,96.0,4.0,544842.0,6265000.0
101102,2023-10-03,Åsane,118.0,3.0,564842.0,6495000.0
100950,2023-08-26,Sentrum,82.0,4.0,509406.0,5859000.0
101019,2023-09-12,Åsane,131.0,6.0,585314.0,6731000.0
101763,2024-03-16,Åsane,55.0,2.0,256908.0,2955000.0
100396,2023-04-10,Fana,138.0,6.0,794140.0,9133000.0
101915,2024-04-23,Laksevåg,63.0,4.0,294694.0,3389000.0
101650,2024-02-17,Åsane,117.0,4.0,569353.0,6548000.0
101177,2023-10-22,Sentrum,122.0,6.0,821391.0,9446000.0
101863,2024-04-10,Åsane,77.0,3.0,331571.0,3813000.0
101253,2023-11-10,Laksevåg,72.0,2.0,305783.0,3516000.0
101706,2024-03-02,Sentrum,140.0,6.0,982236.0,11296000.0
100021,2023-01-06,Arna,131.0,4.0,497938.0,5726000.0
101305,2023-11-23,Åsane,80.0,3.0,397229.0,4567000.0
100766,2023-07-11,Arna,90.0,3.0,372046.0,4279000.0
100392,2023-04-09,Sentrum,84.0,4.0,587336.0,6754000.0
100250,2023-03-04,Arna,96.0,6.0,362692.0,4171000.0
101267,2023-11-13,Laksevåg,110.0,6.0,552998.0,6360000.0
101495,2024-01-09,Laksevåg,49.0,2.0,218281.0,2510000.0
101059,2023-09-22,Arna,20.0,1.0,50922.0,585000.0
100671,2023-06-17,Sentrum,94.0,3.0,649266.0,7466000.0
101971,2024-05-07,Sentrum,128.0,5.0,878660.0,10104000.0
101509,2024-01-13,Åsane,106.0,5.0,499370.0,5742000.0
101372,2023-12-10,Laksevåg,139.0,6.0,594104.0,6832000.0
101133,2023-10-11,Fana,114.0,6.0,675439.0,7768000.0
100869,2023-08-06,Sentrum,76.0,2.0,514502.0,5918000.0
100604,2023-06-01,Fana,98.0,3.0,488615.0,5619000.0
101379,2023-12-11,Åsane,84.0,2.0,419815.0,4828000.0
101655,2024-02-18,Arna,112.0,3.0,434248.0,4993000.0
100627,2023-06-06,Laksevåg,37.0,3.0,173480.0,1995000.0
100902,2023-08-14,Fana,107.0,4.0,599162.0,6890000.0
100856,2023-08-03,Laksevåg,81.0,4.0,335362.0,3857000.0
101195,2023-10-26,Laksevåg,107.0,5.0,465060.0,5348000.0
101262,2023-11-12,Laksevåg,31.0,1.0,59323.0,683000.0
100700,2023-06-25,Arna,128.0,7.0,516937.0,5945000.0
101780,2024-03-21,Fana,94.0,5.0,521352.0,5996000.0
101567,2024-01-27,Sentrum,143.0,7.0,893895.0,10280000.0
100709,2023-06-27,Laksevåg,99.0,4.0,439602.0,5055000.0
101961,2024-05-05,Laksevåg,55.0,4.0,247029.0,2841000.0
100321,2023-03-22,Sentrum,73.0,4.0,485415.0,5582000.0
101607,2024-02-06,Sentrum,105.0,4.0,638313.0,7341000.0
101791,2024-03-23,Sentrum,23.0,3.0,195653.0,2250000.0
101179,2023-10-22,Sentrum,104.0,5.0,677538.0,7791000.0
101711,2024-03-03,Arna,69.0,3.0,224600.0,2583000.0
100624,2023-06-06,Fana,69.0,3.0,418358.0,4811000.0
101735,2024-03-09,Arna,84.0,2.0,355972.0,4094000.0
100125,2023-02-01,Laksevåg,67.0,1.0,327483.0,3766000.0
101011,2023-09-10,Arna,89.0,4.0,353960.0,4070000.0
101090,2023-09-30,Sentrum,142.0,6.0,846792.0,9738000.0
100848,2023-08-01,Laksevåg,157.0,7.0,705084.0,8109000.0
100780,2023-07-15,Åsane,54.0,3.0,237859.0,2736000.0
100605,2023-06-01,Laksevåg,113.0,4.0,551073.0,6337000.0
101976,2024-05-09,Fana,134.0,5.0,743859.0,8554000.0
101202,2023-10-28,Arna,130.0,5.0,535918.0,6163000.0
101665,2024-02-21,Arna,96.0,4.0,325821.0,3747000.0
100415,2023-04-14,Sentrum,96.0,3.0,666321.0,7663000.0
100100,2023-01-26,Åsane,105.0,5.0,531865.0,6116000.0
101270,2023-11-14,Arna,106.0,4.0,476995.0,5485000.0
101573,2024-01-29,Sentrum,96.0,5.0,638134.0,7339000.0
100741,2023-07-05,Åsane,127.0,6.0,606813.0,6978000.0
100334,2023-03-25,Sentrum,101.0,5.0,703780.0,8094000.0
101793,2024-03-24,Fana,64.0,2.0,371442.0,4272000.0
101670,2024-02-22,Fana,131.0,6.0,762549.0,8770000.0
100834,2023-07-28,Fana,88.0,2.0,549434.0,6318000.0
100833,2023-07-28,Laksevåg,90.0,5.0,380078.0,4371000.0
101244,2023-11-08,Åsane,89.0,4.0,453671.0,5217000.0
101849,2024-04-07,Laksevåg,68.0,3.0,266445.0,3065000.0
100939,2023-08-23,Fana,105.0,5.0,595921.0,6853000.0
101333,2023-11-30,Arna,104.0,7.0,443724.0,5104000.0
101759,2024-03-15,Sentrum,104.0,4.0,743330.0,8548000.0
101881,2024-04-15,Åsane,56.0,3.0,247672.0,2847000.0
101269,2023-11-14,Åsane,62.0,3.0,331620.0,3813000.0
101453,2023-12-30,Fana,100.0,4.0,591096.0,6798000.0
101742,2024-03-11,Sentrum,97.0,4.0,679426.0,7813000.0
100640,2023-06-10,Laksevåg,74.0,3.0,318700.0,3665000.0
100104,2023-01-27,Åsane,116.0,6.0,571026.0,6567000.0
100815,2023-07-23,Laksevåg,78.0,3.0,367753.0,4229000.0
100998,2023-09-07,Arna,70.0,1.0,321366.0,3696000.0
101075,2023-09-26,Fana,103.0,6.0,581214.0,6684000.0
101378,2023-12-11,Sentrum,99.0,6.0,685328.0,7881000.0
101888,2024-04-17,Laksevåg,80.0,3.0,315746.0,3631000.0
100460,2023-04-26,Fana,51.0,2.0,307169.0,3532000.0
101046,2023-09-19,Åsane,121.0,4.0,646856.0,7439000.0
101398,2023-12-16,Arna,112.0,5.0,406973.0,4680000.0
101242,2023-11-07,Fana,60.0,2.0,411953.0,4738000.0
100585,2023-05-27,Arna,66.0,2.0,260047.0,2991000.0
101413,2023-12-20,Sentrum,87.0,2.0,555696.0,6390000.0
101430,2023-12-24,Arna,82.0,4.0,382847.0,4402000.0
101389,2023-12-14,Åsane,115.0,4.0,560549.0,6448000.0
101229,2023-11-04,Åsane,131.0,4.0,602819.0,6932000.0
100497,2023-05-05,Sentrum,110.0,5.0,728854.0,8382000.0
100702,2023-06-25,Sentrum,20.0,2.0,210969.0,2427000.0
100375,2023-04-04,Arna,72.0,1.0,262297.0,3017000.0
100975,2023-09-01,Laksevåg,75.0,5.0,357174.0,4107000.0
101209,2023-10-30,Fana,59.0,5.0,331272.0,3809000.0
101562,2024-01-26,Åsane,89.0,2.0,413842.0,4759000.0
100404,2023-04-12,Laksevåg,50.0,1.0,253215.0,2912000.0
100419,2023-04-15,Sentrum,86.0,5.0,605408.0,6962000.0
101464,2024-01-02,Sentrum,126.0,4.0,845967.0,9728000.0
101737,2024-03-10,Åsane,79.0,2.0,371557.0,4273000.0
101156,2023-10-17,Arna,72.0,2.0,364999.0,4198000.0
100173,2023-02-13,Sentrum,101.0,2.0,693191.0,7972000.0
100690,2023-06-22,Sentrum,66.0,4.0,434469.0,4996000.0
100827,2023-07-26,Arna,89.0,3.0,351615.0,4044000.0
100428,2023-04-18,Fana,122.0,4.0,702499.0,8079000.0
101491,2024-01-08,Åsane,110.0,4.0,525306.0,6040000.0
101139,2023-10-12,Fana,81.0,2.0,449652.0,5171000.0
101739,2024-03-10,Sentrum,102.0,5.0,620258.0,7133000.0
100718,2023-06-29,Fana,106.0,5.0,606783.0,6978000.0
100282,2023-03-12,Fana,83.0,3.0,469713.0,5402000.0
101508,2024-01-13,Arna,73.0,3.0,271992.0,3128000.0
101120,2023-10-08,Fana,71.0,3.0,400518.0,4606000.0
101527,2024-01-17,Laksevåg,155.0,8.0,693698.0,7977000.0
100635,2023-06-08,Sentrum,117.0,4.0,835026.0,9603000.0
100738,2023-07-04,Fana,54.0,3.0,271533.0,3123000.0
100499,2023-05-05,Åsane,101.0,4.0,545977.0,6278000.0
101098,2023-10-02,Fana,108.0,4.0,592396.0,6813000.0
101113,2023-10-06,Fana,53.0,2.0,317012.0,3645000.0
100691,2023-06-22,Laksevåg,34.0,1.0,154944.0,1781000.0
101494,2024-01-09,Fana,127.0,5.0,781423.0,8986000.0
100000,2023-01-01,Åsane,94.0,4.0,479034.0,5510000.0
101416,2023-12-21,Laksevåg,57.0,2.0,221006.0,2542000.0
101173,2023-10-21,Åsane,57.0,1.0,280902.0,3230000.0
100926,2023-08-20,Sentrum,56.0,3.0,282252.0,3246000.0
101131,2023-10-10,Åsane,121.0,5.0,581904.0,6691000.0
101678,2024-02-24,Arna,98.0,3.0,405181.0,4660000.0
101586,2024-02-01,Fana,74.0,5.0,369287.0,4247000.0
101247,2023-11-08,Sentrum,172.0,7.0,1181172.0,13584000.0
101591,2024-02-02,Sentrum,138.0,6.0,913810.0,10509000.0
100327,2023-03-23,Laksevåg,79.0,3.0,294384.0,3387000.0
100102,2023-01-26,Sentrum,85.0,2.0,625304.0,7191000.0
101347,2023-12-03,Arna,76.0,2.0,351998.0,4048000.0
100213,2023-02-23,Sentrum,107.0,6.0,776725.0,8932000.0
101159,2023-10-17,Sentrum,100.0,3.0,555713.0,6391000.0
100852,2023-08-02,Arna,102.0,4.0,438481.0,5043000.0
100246,2023-03-03,Laksevåg,79.0,2.0,409291.0,4706000.0
101970,2024-05-07,Arna,35.0,1.0,193207.0,2222000.0
101626,2024-02-11,Åsane,37.0,1.0,192866.0,2218000.0
101816,2024-03-30,Åsane,73.0,3.0,370573.0,4261000.0
101519,2024-01-15,Åsane,65.0,3.0,302648.0,3481000.0
101690,2024-02-27,Åsane,80.0,4.0,371809.0,4277000.0
101225,2023-11-03,Sentrum,72.0,3.0,488632.0,5620000.0
100365,2023-04-02,Sentrum,61.0,2.0,328039.0,3773000.0
100248,2023-03-04,Laksevåg,80.0,4.0,334546.0,3847000.0
100736,2023-07-04,Åsane,46.0,1.0,243074.0,2795000.0
100026,2023-01-07,Åsane,68.0,4.0,334103.0,3842000.0
100836,2023-07-29,Sentrum,88.0,3.0,614143.0,7062000.0
101597,2024-02-04,Arna,79.0,3.0,373216.0,4292000.0
101441,2023-12-27,Arna,95.0,3.0,378697.0,4355000.0
101821,2024-03-31,Fana,126.0,6.0,767582.0,8828000.0
100680,2023-06-20,Fana,55.0,3.0,292203.0,3360000.0
101547,2024-01-22,Åsane,79.0,3.0,363593.0,4181000.0
101812,2024-03-29,Sentrum,33.0,2.0,241540.0,2777000.0
100003,2023-01-01,Laksevåg,93.0,2.0,454917.0,5231000.0
100134,2023-02-03,Åsane,90.0,4.0,406244.0,4672000.0
100837,2023-07-29,Sentrum,90.0,4.0,616468.0,7090000.0
100355,2023-03-30,Åsane,89.0,4.0,418565.0,4814000.0
100292,2023-03-15,Arna,109.0,4.0,409985.0,4715000.0
100698,2023-06-24,Åsane,85.0,3.0,411284.0,4730000.0
101048,2023-09-20,Arna,147.0,6.0,549439.0,6319000.0
101716,2024-03-05,Åsane,45.0,1.0,216530.0,2490000.0
101987,2024-05-11,Laksevåg,105.0,4.0,466891.0,5369000.0
100369,2023-04-03,Arna,114.0,5.0,428992.0,4935000.0
101776,2024-03-20,Sentrum,54.0,4.0,389613.0,4481000.0
101659,2024-02-19,Arna,107.0,5.0,442731.0,5091000.0
101249,2023-11-09,Arna,67.0,3.0,341743.0,3930000.0
100226,2023-02-26,Sentrum,120.0,3.0,703656.0,8093000.0
101393,2023-12-15,Laksevåg,87.0,3.0,348050.0,4003000.0
101298,2023-11-21,Laksevåg,141.0,6.0,648232.0,7455000.0
100339,2023-03-26,Laksevåg,39.0,3.0,197944.0,2276000.0
101443,2023-12-27,Åsane,56.0,2.0,246068.0,2830000.0
101730,2024-03-08,Åsane,20.0,1.0,94871.0,1091000.0
100603,2023-05-31,Laksevåg,158.0,6.0,771460.0,8871000.0
101468,2024-01-03,Åsane,100.0,4.0,540626.0,6217000.0
101950,2024-05-02,Laksevåg,115.0,6.0,506011.0,5819000.0
100454,2023-04-24,Åsane,80.0,4.0,387492.0,4456000.0
100063,2023-01-16,Sentrum,75.0,3.0,520659.0,5987000.0
100990,2023-09-05,Åsane,102.0,7.0,503922.0,5796000.0
101384,2023-12-13,Fana,85.0,4.0,499171.0,5741000.0
100237,2023-03-01,Åsane,61.0,3.0,212166.0,2440000.0
100650,2023-06-12,Arna,74.0,3.0,324026.0,3726000.0
100112,2023-01-29,Arna,88.0,4.0,388050.0,4462000.0
101966,2024-05-06,Åsane,59.0,3.0,303967.0,3495000.0
101595,2024-02-03,Åsane,95.0,2.0,531928.0,6117000.0
101676,2024-02-24,Laksevåg,87.0,4.0,434319.0,4995000.0
100577,2023-05-25,Åsane,79.0,5.0,369140.0,4246000.0
100126,2023-02-01,Sentrum,47.0,2.0,281216.0,3234000.0
101283,2023-11-17,Sentrum,38.0,2.0,233619.0,2687000.0
101008,2023-09-10,Åsane,74.0,4.0,379711.0,4366000.0
101721,2024-03-06,Laksevåg,89.0,3.0,396330.0,4558000.0
101602,2024-02-05,Arna,44.0,1.0,227237.0,2613000.0
101679,2024-02-24,Åsane,82.0,3.0,337974.0,3886000.0
100851,2023-08-01,Laksevåg,86.0,2.0,389628.0,4480000.0
100694,2023-06-23,Sentrum,129.0,5.0,809815.0,9313000.0
100137,2023-02-04,Fana,125.0,6.0,801431.0,9216000.0
101009,2023-09-10,Arna,89.0,4.0,368014.0,4233000.0
101631,2024-02-12,Åsane,87.0,4.0,380116.0,4372000.0
100007,2023-01-02,Åsane,118.0,5.0,532754.0,6128000.0
100502,2023-05-06,Sentrum,39.0,1.0,257226.0,2958000.0
100854,2023-08-02,Åsane,98.0,3.0,460367.0,5294000.0
100947,2023-08-25,Fana,92.0,4.0,516074.0,5934000.0
100631,2023-06-07,Arna,91.0,5.0,358616.0,4124000.0
101823,2024-03-31,Åsane,108.0,3.0,516099.0,5935000.0
100929,2023-08-21,Fana,62.0,3.0,321812.0,3701000.0
101669,2024-02-22,Åsane,84.0,4.0,411776.0,4736000.0
101844,2024-04-06,Fana,112.0,4.0,723409.0,8319000.0
100407,2023-04-12,Sentrum,125.0,4.0,735889.0,8462000.0
101949,2024-05-02,Arna,67.0,4.0,264465.0,3041000.0
100357,2023-03-31,Fana,97.0,4.0,534062.0,6142000.0
101377,2023-12-11,Åsane,98.0,3.0,475600.0,5469000.0
100153,2023-02-08,Fana,75.0,3.0,367571.0,4227000.0
100343,2023-03-27,Laksevåg,98.0,2.0,437390.0,5030000.0
100305,2023-03-18,Arna,89.0,4.0,345295.0,3971000.0
101801,2024-03-26,Fana,62.0,6.0,378566.0,4354000.0
100612,2023-06-03,Åsane,84.0,4.0,393100.0,4520000.0
101581,2024-01-31,Sentrum,73.0,2.0,500845.0,5759000.0
100280,2023-03-12,Laksevåg,104.0,5.0,385763.0,4436000.0
101725,2024-03-07,Sentrum,99.0,4.0,676992.0,7785000.0
101939,2024-04-29,Åsane,40.0,1.0,256741.0,2952000.0
101080,2023-09-28,Sentrum,95.0,3.0,608263.0,6995000.0
100400,2023-04-11,Arna,79.0,5.0,284970.0,3277000.0
101497,2024-01-10,Sentrum,90.0,2.0,596620.0,6861000.0
100468,2023-04-28,Åsane,81.0,3.0,432580.0,4975000.0
101479,2024-01-05,Laksevåg,74.0,2.0,219009.0,2518000.0
101233,2023-11-05,Arna,20.0,1.0,128186.0,1474000.0
100504,2023-05-07,Laksevåg,127.0,7.0,596279.0,6858000.0
100534,2023-05-14,Sentrum,114.0,3.0,789037.0,9074000.0
101016,2023-09-12,Fana,122.0,4.0,730651.0,8404000.0
100903,2023-08-14,Arna,37.0,3.0,169579.0,1950000.0
101609,2024-02-07,Arna,51.0,1.0,159451.0,1834000.0
100550,2023-05-18,Laksevåg,114.0,4.0,474420.0,5456000.0
101794,2024-03-24,Åsane,88.0,3.0,458201.0,5269000.0
101324,2023-11-28,Fana,101.0,4.0,576825.0,6634000.0
101637,2024-02-14,Fana,95.0,2.0,548920.0,6312000.0
101130,2023-10-10,Åsane,54.0,2.0,274433.0,3156000.0
100945,2023-08-25,Fana,69.0,2.0,371940.0,4278000.0
100163,2023-02-10,Fana,83.0,5.0,440279.0,5063000.0
100336,2023-03-26,Fana,100.0,4.0,547095.0,6292000.0
100059,2023-01-15,Arna,70.0,4.0,248133.0,2853000.0
101118,2023-10-07,Laksevåg,87.0,2.0,411066.0,4728000.0
101872,2024-04-13,Laksevåg,71.0,4.0,315600.0,3629000.0
101933,2024-04-28,Fana,87.0,4.0,479440.0,5513000.0
101514,2024-01-14,Arna,105.0,5.0,377158.0,4337000.0
101772,2024-03-19,Åsane,70.0,2.0,353427.0,4064000.0
100449,2023-04-23,Arna,89.0,5.0,397070.0,4565000.0
100855,2023-08-02,Laksevåg,110.0,3.0,504864.0,5807000.0
101824,2024-04-01,Arna,52.0,2.0,222411.0,2558000.0
101569,2024-01-28,Åsane,119.0,6.0,644235.0,7409000.0
101797,2024-03-25,Åsane,122.0,7.0,580917.0,6680000.0
101532,2024-01-19,Åsane,92.0,3.0,473643.0,5447000.0
100437,2023-04-20,Arna,131.0,5.0,533695.0,6138000.0
101314,2023-11-25,Åsane,86.0,4.0,409324.0,4707000.0
101397,2023-12-16,Åsane,57.0,3.0,253384.0,2914000.0
100786,2023-07-16,Sentrum,88.0,2.0,592614.0,6816000.0
100873,2023-08-07,Fana,43.0,2.0,221800.0,2551000.0
101848,2024-04-07,Sentrum,131.0,6.0,853888.0,9819000.0
100819,2023-07-24,Arna,95.0,3.0,350739.0,4033000.0
101243,2023-11-07,Åsane,124.0,5.0,660875.0,7601000.0
101457,2023-12-31,Åsane,34.0,1.0,149257.0,1716000.0
101006,2023-09-09,Arna,61.0,3.0,256429.0,2948000.0
100586,2023-05-27,Laksevåg,64.0,1.0,310880.0,3575000.0
101306,2023-11-23,Laksevåg,95.0,4.0,432470.0,4974000.0
100941,2023-08-24,Åsane,59.0,1.0,266794.0,3068000.0
100348,2023-03-29,Arna,141.0,5.0,648189.0,7454000.0
101651,2024-02-17,Åsane,54.0,1.0,268415.0,3086000.0
101028,2023-09-15,Arna,125.0,6.0,503163.0,5787000.0
101163,2023-10-18,Arna,98.0,4.0,403793.0,4643000.0
100463,2023-04-26,Fana,124.0,4.0,691135.0,7947000.0
101231,2023-11-04,Arna,124.0,5.0,512774.0,5897000.0
101160,2023-10-18,Fana,38.0,2.0,244128.0,2807000.0
101875,2024-04-13,Åsane,139.0,6.0,684824.0,7875000.0
101541,2024-01-21,Fana,106.0,5.0,602084.0,6924000.0
100653,2023-06-13,Arna,106.0,5.0,348190.0,4004000.0
100573,2023-05-24,Arna,60.0,4.0,203572.0,2341000.0
100647,2023-06-11,Fana,52.0,1.0,390995.0,4496000.0
100595,2023-05-29,Fana,89.0,4.0,492351.0,5663000.0
100890,2023-08-11,Laksevåg,75.0,3.0,386496.0,4444000.0
101891,2024-04-17,Arna,66.0,4.0,324346.0,3730000.0
101558,2024-01-25,Åsane,83.0,3.0,361020.0,4152000.0
101348,2023-12-04,Fana,96.0,3.0,551182.0,6338000.0
101300,2023-11-22,Fana,97.0,4.0,580173.0,6672000.0
101308,2023-11-24,Arna,104.0,5.0,352028.0,4048000.0
100470,2023-04-28,Sentrum,20.0,1.0,91127.0,1048000.0
101450,2023-12-29,Arna,117.0,5.0,443786.0,5104000.0
