patient_id,age,blood_pressure,cholesterol,heart_rate,diagnosis
P0185,27,120.0,5.0,75.0,healthy
P0067,31,130.0,7.0,66.0,at_risk
P0299,46,103.0,4.0,82.0,healthy
P0106,65,109.0,4.7,90.0,healthy
P0061,62,116.0,4.8,79.0,healthy
P0276,71,130.0,5.7,57.0,healthy
P0220,72,138.0,6.9,69.0,at_risk
P0156,34,125.0,6.3,83.0,healthy
P0197,77,118.0,5.5,60.0,at_risk
P0111,80,132.0,5.8,86.0,at_risk
P0047,28,115.0,5.6,88.0,healthy
P0287,25,100.0,5.4,65.0,healthy
P0031,25,114.0,5.0,72.0,healthy
P0294,32,111.0,4.6,75.0,healthy
P0299,46,90.0,4.5,79.0,healthy
P0277,60,119.0,5.8,83.0,healthy
P0299,46,96.0,4.0,79.0,healthy
P0078,58,121.0,5.4,64.0,healthy
P0284,29,137.0,5.2,81.0,healthy
P0055,56,127.0,6.5,91.0,healthy
P0100,60,119.0,5.5,80.0,at_risk
P0171,28,113.0,4.8,70.0,healthy
P0190,73,98.0,5.3,65.0,healthy
P0261,49,124.0,5.6,78.0,healthy
P0293,83,131.0,5.5,88.0,healthy
P0156,34,124.0,5.9,68.0,healthy
P0274,42,134.0,6.5,87.0,healthy
P0202,47,120.0,4.7,68.0,healthy
P0266,79,105.0,4.4,75.0,healthy
P0207,46,123.0,5.3,73.0,healthy
P0013,63,124.0,4.9,82.0,healthy
P0034,41,135.0,5.8,68.0,healthy
P0060,69,138.0,6.5,83.0,at_risk
P0194,64,140.0,5.9,76.0,at_risk
P0148,29,115.0,5.5,85.0,healthy
P0199,57,121.0,5.0,67.0,healthy
P0226,72,114.0,6.1,85.0,at_risk
P0236,31,117.0,5.1,79.0,healthy
P0124,48,140.0,6.0,63.0,at_risk
P0009,56,75.0,3.1,60.0,healthy
P0057,58,162.0,6.1,68.0,at_risk
P0087,43,105.0,4.1,94.0,healthy
P0250,74,134.0,5.3,81.0,at_risk
P0216,30,135.0,5.6,81.0,healthy
P0118,54,117.0,4.2,83.0,healthy
P0136,53,154.0,7.0,94.0,at_risk
P0065,58,117.0,5.7,85.0,at_risk
P0265,55,122.0,5.3,83.0,healthy
P0219,43,103.0,5.1,105.0,healthy
P0105,46,136.0,5.1,81.0,healthy
P0224,44,92.0,4.3,84.0,healthy
P0053,41,116.0,4.4,90.0,at_risk
P0052,73,119.0,5.3,78.0,healthy
P0095,57,126.0,6.2,71.0,healthy
P0161,31,106.0,4.4,72.0,healthy
P0089,56,123.0,5.5,69.0,healthy
P0192,61,108.0,4.6,66.0,healthy
P0068,65,123.0,5.6,86.0,at_risk
P0078,58,127.0,5.8,76.0,healthy
P0071,74,108.0,4.8,67.0,healthy
P0204,44,106.0,4.3,78.0,healthy
P0068,65,137.0,6.1,78.0,at_risk
P0069,27,118.0,4.9,83.0,healthy
P0010,41,128.0,6.1,73.0,healthy
P0023,50,114.0,4.9,74.0,healthy
P0116,29,122.0,5.2,63.0,healthy
P0191,51,111.0,4.0,87.0,healthy
P0212,50,123.0,5.2,70.0,healthy
P0100,60,117.0,5.7,62.0,at_risk
P0133,83,113.0,5.4,79.0,healthy
P0033,84,104.0,5.6,59.0,healthy
P0069,27,111.0,5.1,65.0,healthy
P0246,33,122.0,5.0,69.0,healthy
P0200,75,148.0,5.5,77.0,at_risk
P0168,72,110.0,4.6,96.0,healthy
P0211,25,119.0,5.6,95.0,healthy
P0154,54,144.0,5.4,86.0,healthy
P0092,59,112.0,5.2,68.0,healthy
P0031,25,103.0,4.7,82.0,healthy
P0001,31,117.0,5.2,75.0,healthy
P0254,75,128.0,5.2,73.0,at_risk
P0208,71,108.0,4.8,67.0,healthy
P0019,49,97.0,4.7,83.0,healthy
P0074,48,98.0,4.6,75.0,healthy
P0012,67,114.0,4.2,89.0,healthy
P0265,55,105.0,4.8,84.0,healthy
P0014,81,116.0,5.6,70.0,at_risk
P0290,50,111.0,5.0,81.0,healthy
P0082,36,131.0,5.9,66.0,healthy
P0161,31,120.0,4.5,88.0,healthy
P0096,71,120.0,5.2,72.0,at_risk
P0286,53,133.0,6.3,76.0,at_risk
P0166,55,110.0,4.6,87.0,healthy
P0068,65,137.0,6.0,77.0,at_risk
P0210,54,141.0,5.7,76.0,healthy
P0013,63,102.0,4.6,76.0,healthy
P0060,69,138.0,6.3,70.0,at_risk
P0251,26,127.0,4.8,76.0,healthy
P0113,78,142.0,6.0,72.0,at_risk
P0206,84,122.0,6.3,73.0,at_risk
P0070,67,100.0,4.2,82.0,healthy
P0238,49,93.0,4.2,82.0,healthy
P0176,73,106.0,3.4,81.0,healthy
P0125,80,131.0,5.2,61.0,healthy
P0276,71,139.0,6.4,73.0,healthy
P0265,55,107.0,5.2,52.0,healthy
P0188,53,111.0,4.8,58.0,healthy
P0188,53,112.0,5.0,62.0,healthy
P0268,53,131.0,5.1,75.0,healthy
P0146,29,145.0,5.7,73.0,at_risk
P0030,71,120.0,6.0,67.0,at_risk
P0096,71,123.0,5.6,66.0,healthy
P0176,73,89.0,3.8,81.0,healthy
P0232,50,144.0,6.6,83.0,at_risk
P0152,63,127.0,4.9,73.0,healthy
P0045,69,95.0,3.8,65.0,healthy
P0241,51,117.0,4.8,79.0,healthy
P0295,42,119.0,5.1,84.0,healthy
P0195,54,117.0,5.5,83.0,healthy
P0057,58,144.0,6.4,72.0,at_risk
P0001,31,127.0,4.7,77.0,healthy
P0182,35,108.0,5.3,70.0,healthy
P0101,82,112.0,5.2,74.0,healthy
P0190,73,117.0,4.6,77.0,healthy
P0170,30,133.0,6.0,75.0,healthy
P0137,60,85.0,5.2,83.0,healthy
P0298,66,132.0,5.3,75.0,healthy
P0269,39,133.0,6.3,58.0,healthy
P0166,55,110.0,4.2,75.0,healthy
P0094,25,105.0,4.8,76.0,healthy
P0184,82,75.0,2.5,71.0,healthy
P0152,63,113.0,4.5,66.0,healthy
P0205,66,115.0,5.4,73.0,healthy
P0278,59,130.0,5.7,85.0,at_risk
P0004,46,103.0,4.3,79.0,healthy
P0141,80,127.0,5.5,86.0,healthy
P0299,46,110.0,5.2,77.0,healthy
P0243,42,126.0,4.7,81.0,at_risk
P0278,59,142.0,6.0,89.0,at_risk
P0300,74,127.0,6.6,79.0,at_risk
P0004,46,100.0,4.5,70.0,healthy
P0084,56,113.0,4.9,94.0,healthy
P0271,33,136.0,5.3,73.0,healthy
P0013,63,112.0,4.9,86.0,healthy
P0041,63,120.0,5.8,83.0,healthy
P0012,67,113.0,4.6,81.0,healthy
P0216,30,106.0,5.3,87.0,healthy
P0293,83,126.0,6.5,66.0,at_risk
P0072,35,113.0,4.6,84.0,healthy
P0253,27,111.0,5.1,70.0,healthy
P0078,58,133.0,5.7,97.0,at_risk
P0100,60,128.0,5.4,102.0,at_risk
P0035,55,121.0,4.9,69.0,healthy
P0054,65,140.0,5.4,62.0,at_risk
P0252,83,123.0,5.7,71.0,healthy
P0213,25,127.0,5.9,72.0,healthy
P0238,49,119.0,4.4,84.0,healthy
P0011,82,124.0,6.0,84.0,at_risk
P0268,53,120.0,5.3,72.0,at_risk
P0185,27,134.0,5.4,71.0,healthy
P0001,31,115.0,5.8,70.0,healthy
P0001,31,118.0,6.0,72.0,healthy
P0229,49,119.0,4.4,65.0,healthy
P0147,32,131.0,5.2,60.0,at_risk
P0192,61,101.0,4.8,62.0,healthy
P0090,83,105.0,4.1,90.0,healthy
P0199,57,112.0,4.6,90.0,healthy
P0287,25,94.0,4.0,84.0,healthy
P0014,81,125.0,5.8,70.0,healthy
P0168,72,106.0,5.1,68.0,healthy
P0095,57,126.0,5.4,91.0,healthy
P0065,58,124.0,5.6,56.0,at_risk
P0119,58,83.0,4.1,59.0,healthy
P0225,61,119.0,5.0,62.0,healthy
P0213,25,114.0,5.0,97.0,healthy
P0041,63,136.0,5.1,74.0,healthy
P0190,73,111.0,4.3,72.0,healthy
P0232,50,140.0,6.9,84.0,at_risk
P0081,69,106.0,5.1,73.0,healthy
P0142,79,115.0,3.9,66.0,healthy
P0226,72,120.0,5.6,71.0,at_risk
P0262,55,115.0,4.6,78.0,healthy
P0272,67,126.0,7.0,75.0,at_risk
P0105,46,114.0,5.8,87.0,healthy
P0061,62,107.0,5.7,83.0,healthy
P0056,82,101.0,3.9,78.0,healthy
P0003,31,120.0,5.4,89.0,healthy
P0223,66,138.0,6.2,74.0,at_risk
P0116,29,127.0,5.2,70.0,healthy
P0064,39,126.0,5.7,67.0,healthy
P0239,35,129.0,5.8,75.0,at_risk
P0246,33,113.0,4.7,86.0,healthy
P0123,65,129.0,6.5,81.0,healthy
P0049,41,123.0,4.9,68.0,healthy
P0290,50,108.0,5.4,70.0,healthy
P0249,42,124.0,5.1,74.0,healthy
P0128,68,140.0,6.1,95.0,at_risk
P0027,54,121.0,4.4,70.0,healthy
P0046,43,109.0,5.2,71.0,healthy
P0218,67,107.0,4.9,77.0,healthy
P0188,53,112.0,5.0,90.0,healthy
P0149,37,149.0,6.6,72.0,at_risk
P0002,25,119.0,4.7,82.0,healthy
P0050,77,123.0,6.1,80.0,healthy
P0092,59,99.0,4.6,74.0,healthy
P0148,29,126.0,6.1,73.0,healthy
P0249,42,106.0,5.0,68.0,healthy
P0179,56,154.0,5.7,56.0,at_risk
P0126,28,94.0,4.8,74.0,healthy
P0242,69,108.0,4.3,66.0,healthy
P0018,76,146.0,5.5,77.0,at_risk
P0259,64,117.0,5.1,61.0,at_risk
P0170,30,129.0,5.7,64.0,healthy
P0094,25,111.0,4.2,66.0,healthy
P0208,71,102.0,4.5,78.0,healthy
P0239,35,140.0,7.0,83.0,healthy
P0048,35,138.0,6.2,56.0,at_risk
P0126,28,98.0,4.2,66.0,healthy
P0255,25,117.0,5.4,71.0,healthy
P0087,43,113.0,4.7,70.0,healthy
P0015,72,131.0,5.6,86.0,healthy
P0273,79,138.0,5.1,84.0,healthy
P0089,56,114.0,4.7,74.0,at_risk
P0115,30,132.0,4.7,67.0,healthy
P0020,28,135.0,6.2,86.0,healthy
P0161,31,121.0,5.2,90.0,healthy
P0054,65,139.0,5.5,80.0,at_risk
P0132,48,94.0,4.5,78.0,healthy
P0011,82,127.0,4.4,90.0,healthy
P0188,53,116.0,4.5,99.0,healthy
P0017,27,113.0,4.6,60.0,healthy
P0296,81,114.0,3.8,80.0,healthy
P0058,80,121.0,5.1,57.0,healthy
P0030,71,129.0,5.5,67.0,at_risk
P0295,42,134.0,5.8,78.0,healthy
P0139,33,112.0,5.6,99.0,healthy
P0289,63,126.0,6.4,74.0,healthy
P0085,70,137.0,5.2,76.0,at_risk
P0251,26,96.0,4.6,79.0,healthy
P0222,72,139.0,6.0,68.0,at_risk
P0121,43,114.0,5.1,71.0,healthy
P0221,82,115.0,3.8,71.0,healthy
P0209,32,113.0,4.9,70.0,healthy
P0042,45,110.0,5.1,87.0,healthy
P0123,65,115.0,5.3,66.0,healthy
P0262,55,136.0,5.5,87.0,healthy
P0034,41,125.0,5.0,72.0,healthy
P0009,56,69.0,3.0,65.0,healthy
P0014,81,116.0,5.3,77.0,at_risk
P0002,25,135.0,4.8,56.0,healthy
P0069,27,112.0,5.2,67.0,healthy
P0275,41,108.0,5.0,72.0,healthy
P0259,64,107.0,5.4,86.0,at_risk
P0216,30,119.0,5.1,68.0,healthy
P0115,30,131.0,5.4,76.0,healthy
P0008,64,134.0,5.7,54.0,healthy
P0193,70,111.0,4.8,58.0,healthy
P0132,48,103.0,4.3,66.0,healthy
P0273,79,132.0,5.5,69.0,at_risk
P0106,65,110.0,5.4,68.0,healthy
P0238,49,119.0,5.1,66.0,healthy
P0065,58,127.0,5.3,73.0,at_risk
P0102,44,135.0,6.0,95.0,at_risk
P0132,48,96.0,4.9,84.0,healthy
P0276,71,142.0,5.2,91.0,at_risk
P0297,42,112.0,4.8,71.0,healthy
P0260,83,114.0,4.6,95.0,healthy
P0221,82,111.0,4.7,76.0,healthy
P0104,36,124.0,5.3,79.0,healthy
P0160,44,104.0,5.2,74.0,healthy
P0076,79,101.0,5.2,90.0,healthy
P0228,38,96.0,4.8,57.0,healthy
P0108,36,111.0,3.4,62.0,healthy
P0199,57,108.0,4.4,79.0,healthy
P0178,54,125.0,4.9,71.0,healthy
P0119,58,92.0,3.3,78.0,healthy
P0135,38,111.0,5.4,90.0,healthy
P0103,72,104.0,4.2,85.0,healthy
P0094,25,96.0,4.4,63.0,healthy
P0145,60,106.0,5.4,67.0,healthy
P0286,53,136.0,6.0,82.0,at_risk
P0128,68,126.0,6.4,66.0,healthy
P0101,82,95.0,5.3,67.0,healthy
P0134,77,137.0,6.4,73.0,at_risk
P0263,55,111.0,3.7,68.0,healthy
P0285,52,103.0,5.1,72.0,healthy
P0113,78,138.0,6.1,56.0,at_risk
P0225,61,96.0,5.1,81.0,healthy
P0150,77,151.0,5.7,65.0,at_risk
P0057,58,150.0,6.9,81.0,at_risk
P0093,51,112.0,4.3,63.0,healthy
P0154,54,130.0,5.9,75.0,healthy
P0239,35,136.0,6.7,60.0,at_risk
P0127,67,147.0,6.3,72.0,at_risk
P0206,84,139.0,5.8,58.0,at_risk
P0066,33,110.0,4.8,78.0,healthy
P0260,83,90.0,4.2,64.0,healthy
P0149,37,151.0,6.0,82.0,at_risk
P0226,72,111.0,5.6,73.0,at_risk
P0114,82,107.0,4.6,68.0,healthy
P0286,53,121.0,6.7,80.0,at_risk
P0093,51,106.0,4.3,96.0,healthy
P0117,55,141.0,6.4,70.0,at_risk
P0191,51,102.0,3.8,76.0,healthy
P0200,75,129.0,5.9,75.0,at_risk
P0290,50,105.0,5.0,81.0,healthy
P0046,43,102.0,4.2,75.0,healthy
P0055,56,131.0,6.1,79.0,at_risk
P0264,70,133.0,6.0,94.0,at_risk
P0136,53,152.0,5.6,85.0,healthy
P0289,63,122.0,5.1,60.0,healthy
P0012,67,113.0,5.1,75.0,healthy
P0182,35,117.0,5.0,80.0,healthy
P0280,30,98.0,4.6,71.0,healthy
P0278,59,130.0,5.9,84.0,healthy
P0171,28,140.0,5.9,60.0,healthy
P0115,30,127.0,4.8,68.0,healthy
P0212,50,133.0,5.1,78.0,healthy
P0107,59,130.0,5.3,74.0,healthy
P0128,68,128.0,6.0,85.0,at_risk
P0110,59,98.0,4.4,84.0,healthy
P0012,67,118.0,5.1,82.0,healthy
P0245,36,103.0,4.1,74.0,healthy
P0217,74,113.0,6.1,63.0,at_risk
P0143,41,130.0,5.8,63.0,healthy
P0065,58,126.0,5.8,86.0,at_risk
P0117,55,128.0,6.3,88.0,at_risk
P0127,67,136.0,6.6,94.0,at_risk
P0061,62,117.0,4.7,75.0,at_risk
P0279,78,113.0,4.2,82.0,healthy
P0060,69,139.0,6.0,65.0,at_risk
P0095,57,117.0,5.2,85.0,healthy
P0211,25,134.0,5.6,77.0,healthy
P0173,40,130.0,4.9,68.0,healthy
P0089,56,121.0,5.6,65.0,healthy
P0062,76,121.0,5.0,68.0,healthy
P0192,61,119.0,5.1,86.0,healthy
P0158,65,117.0,5.6,75.0,at_risk
P0195,54,126.0,5.2,81.0,healthy
P0277,60,103.0,5.1,87.0,healthy
P0073,65,132.0,4.6,77.0,healthy
P0153,84,122.0,5.0,75.0,at_risk
P0086,56,96.0,4.7,84.0,healthy
P0069,27,114.0,5.3,79.0,healthy
P0090,83,105.0,4.2,73.0,healthy
P0046,43,113.0,4.3,91.0,healthy
P0141,80,132.0,5.8,70.0,at_risk
P0105,46,108.0,5.6,68.0,at_risk
P0016,32,126.0,5.1,69.0,healthy
P0230,46,146.0,5.6,83.0,at_risk
P0140,70,127.0,5.1,70.0,healthy
P0002,25,123.0,4.4,81.0,healthy
P0200,75,133.0,5.5,71.0,at_risk
P0259,64,113.0,5.4,87.0,healthy
P0121,43,130.0,5.3,79.0,healthy
P0078,58,127.0,5.4,94.0,healthy
P0129,41,110.0,4.8,92.0,healthy
P0265,55,122.0,5.4,77.0,healthy
P0176,73,91.0,3.6,80.0,healthy
P0015,72,130.0,5.5,71.0,at_risk
P0184,82,58.0,2.2,82.0,healthy
P0091,27,117.0,4.8,89.0,healthy
P0205,66,122.0,5.6,76.0,healthy
P0133,83,113.0,5.2,71.0,healthy
P0290,50,121.0,5.2,80.0,healthy
P0092,59,100.0,4.9,77.0,healthy
P0071,74,111.0,4.9,81.0,healthy
P0246,33,118.0,5.2,79.0,healthy
P0172,59,117.0,4.0,83.0,healthy
P0109,64,163.0,6.0,84.0,at_risk
P0264,70,141.0,6.1,81.0,healthy
P0099,56,113.0,5.0,74.0,healthy
P0289,63,123.0,5.3,64.0,healthy
P0271,33,133.0,5.4,72.0,healthy
P0178,54,114.0,5.2,87.0,healthy
P0183,40,109.0,4.3,70.0,healthy
P0181,55,132.0,6.8,80.0,at_risk
P0125,80,109.0,5.8,90.0,healthy
P0230,46,127.0,6.0,73.0,healthy
P0123,65,135.0,5.6,57.0,healthy
P0142,79,108.0,4.5,71.0,healthy
P0196,79,115.0,4.7,70.0,healthy
P0117,55,138.0,5.5,78.0,healthy
P0088,30,112.0,4.3,76.0,healthy
P0292,60,104.0,4.1,74.0,healthy
P0299,46,106.0,4.0,58.0,healthy
P0106,65,107.0,5.3,77.0,healthy
P0212,50,113.0,5.8,74.0,healthy
P0241,51,117.0,5.5,75.0,healthy
P0029,66,112.0,5.0,65.0,healthy
P0003,31,126.0,5.1,59.0,healthy
P0166,55,112.0,4.7,62.0,healthy
P0282,48,120.0,5.6,69.0,healthy
P0201,30,102.0,4.2,71.0,healthy
P0257,43,113.0,5.1,77.0,healthy
P0116,29,111.0,5.0,62.0,healthy
P0289,63,139.0,5.3,88.0,healthy
P0274,42,132.0,6.0,78.0,healthy
P0143,41,130.0,5.8,78.0,at_risk
P0250,74,122.0,5.4,65.0,at_risk
P0043,59,98.0,4.0,72.0,healthy
P0045,69,99.0,3.7,85.0,healthy
P0022,47,109.0,5.1,79.0,healthy
P0163,26,117.0,6.0,95.0,healthy
P0015,72,122.0,5.5,65.0,at_risk
P0258,83,135.0,5.4,80.0,at_risk
P0263,55,94.0,4.2,90.0,healthy
P0102,44,134.0,6.2,80.0,at_risk
P0174,36,122.0,5.1,69.0,healthy
P0160,44,132.0,4.6,61.0,healthy
P0236,31,124.0,6.2,85.0,healthy
P0036,76,118.0,6.1,71.0,healthy
P0183,40,125.0,4.7,97.0,healthy
P0140,70,118.0,5.1,80.0,healthy
P0018,76,136.0,5.4,90.0,at_risk
P0143,41,125.0,6.0,74.0,healthy
P0213,25,113.0,6.0,71.0,healthy
P0209,32,113.0,5.4,82.0,healthy
P0076,79,138.0,5.3,65.0,at_risk
P0198,28,121.0,5.7,77.0,healthy
P0080,59,110.0,4.7,71.0,healthy
P0112,61,109.0,5.1,84.0,healthy
P0286,53,123.0,6.1,90.0,at_risk
P0057,58,151.0,6.7,98.0,at_risk
P0123,65,131.0,6.2,73.0,at_risk
P0068,65,130.0,5.6,65.0,at_risk
P0105,46,106.0,5.3,96.0,healthy
P0267,36,123.0,4.7,75.0,healthy
P0085,70,137.0,6.6,77.0,at_risk
P0025,43,127.0,5.4,66.0,healthy
P0103,72,104.0,4.8,71.0,healthy
P0096,71,138.0,5.5,67.0,at_risk
P0056,82,95.0,4.8,65.0,healthy
P0078,58,127.0,5.5,86.0,at_risk
P0167,66,94.0,3.9,66.0,healthy
P0059,82,114.0,4.3,57.0,healthy
P0191,51,110.0,3.8,77.0,healthy
P0078,58,123.0,5.9,82.0,at_risk
P0132,48,105.0,4.0,88.0,healthy
P0196,79,103.0,4.6,51.0,healthy
P0188,53,105.0,5.4,87.0,healthy
P0060,69,147.0,5.7,65.0,at_risk
P0278,59,114.0,6.1,59.0,at_risk
P0174,36,119.0,5.4,72.0,healthy
P0153,84,118.0,5.6,73.0,healthy
P0287,25,118.0,4.8,87.0,healthy
P0026,54,131.0,5.5,78.0,healthy
P0287,25,107.0,3.7,68.0,healthy
P0246,33,110.0,5.4,69.0,healthy
P0058,80,117.0,4.7,71.0,healthy
P0196,79,122.0,4.6,88.0,healthy
P0225,61,115.0,5.2,78.0,healthy
P0003,31,123.0,5.2,67.0,healthy
P0295,42,124.0,6.0,91.0,healthy
P0111,80,135.0,5.8,68.0,at_risk
P0192,61,121.0,4.5,81.0,healthy
P0205,66,139.0,5.9,86.0,at_risk
P0292,60,103.0,4.3,69.0,healthy
P0285,52,107.0,5.0,74.0,healthy
P0076,79,117.0,6.0,75.0,healthy
P0102,44,145.0,6.2,70.0,at_risk
P0266,79,114.0,4.2,69.0,healthy
P0275,41,127.0,5.5,72.0,healthy
P0280,30,110.0,4.8,69.0,healthy
P0219,43,126.0,5.0,74.0,healthy
P0205,66,116.0,5.2,80.0,at_risk
P0021,53,114.0,4.7,79.0,healthy
P0121,43,127.0,5.0,66.0,healthy
P0216,30,114.0,4.7,74.0,healthy
P0263,55,104.0,3.3,65.0,healthy
P0046,43,116.0,4.1,76.0,healthy
P0125,80,124.0,4.6,55.0,healthy
P0041,63,108.0,4.9,81.0,healthy
P0265,55,120.0,4.8,91.0,healthy
P0293,83,133.0,6.4,80.0,at_risk
P0103,72,108.0,3.7,83.0,healthy
P0158,65,140.0,5.5,91.0,at_risk
P0131,44,122.0,5.2,83.0,healthy
P0300,74,121.0,5.7,70.0,at_risk
P0238,49,122.0,5.4,68.0,healthy
P0173,40,112.0,5.5,87.0,healthy
P0198,28,131.0,5.5,82.0,healthy
P0176,73,94.0,3.9,80.0,healthy
P0278,59,137.0,5.9,67.0,at_risk
P0039,34,123.0,5.0,72.0,healthy
P0258,83,123.0,5.8,81.0,at_risk
P0195,54,116.0,4.8,63.0,healthy
P0018,76,137.0,5.6,66.0,at_risk
P0133,83,111.0,5.5,77.0,healthy
P0086,56,103.0,4.4,84.0,healthy
P0059,82,106.0,4.3,66.0,healthy
P0017,27,117.0,4.3,73.0,healthy
P0172,59,110.0,4.7,72.0,healthy
P0219,43,110.0,5.6,90.0,healthy
P0083,71,117.0,5.6,82.0,at_risk
P0272,67,138.0,6.3,87.0,at_risk
P0217,74,141.0,5.7,73.0,healthy
P0275,41,107.0,5.4,66.0,healthy
P0276,71,115.0,6.3,95.0,at_risk
P0059,82,103.0,4.4,65.0,healthy
P0144,32,116.0,4.7,70.0,healthy
P0274,42,128.0,5.4,82.0,healthy
P0282,48,118.0,5.3,80.0,healthy
P0160,44,109.0,5.1,83.0,healthy
P0020,28,134.0,5.7,70.0,at_risk
P0230,46,140.0,5.4,77.0,healthy
P0146,29,129.0,5.5,69.0,healthy
P0113,78,135.0,5.7,72.0,at_risk
P0163,26,138.0,6.9,86.0,at_risk
P0169,38,133.0,6.3,68.0,healthy
P0284,29,110.0,4.5,75.0,healthy
P0026,54,134.0,5.2,73.0,healthy
P0232,50,130.0,5.7,69.0,at_risk
P0064,39,132.0,6.2,82.0,at_risk
P0059,82,107.0,5.5,81.0,healthy
P0175,69,115.0,4.7,69.0,healthy
P0125,80,123.0,5.1,83.0,healthy
P0246,33,116.0,5.2,90.0,healthy
P0292,60,92.0,5.2,84.0,healthy
P0087,43,112.0,4.6,67.0,healthy
P0077,59,112.0,5.0,74.0,healthy
P0055,56,127.0,5.6,67.0,healthy
P0244,76,81.0,4.4,78.0,healthy
P0203,55,135.0,5.6,74.0,at_risk
P0233,50,134.0,5.7,90.0,healthy
P0162,67,123.0,3.5,68.0,healthy
P0191,51,99.0,4.0,63.0,healthy
P0195,54,119.0,5.2,49.0,healthy
P0099,56,128.0,5.6,69.0,healthy
P0024,50,113.0,4.6,86.0,healthy
P0248,67,121.0,6.3,70.0,at_risk
P0256,50,128.0,5.5,80.0,healthy
P0163,26,126.0,5.1,63.0,healthy
P0234,57,103.0,4.7,62.0,healthy
P0110,59,109.0,4.2,74.0,healthy
P0119,58,91.0,3.3,73.0,healthy
P0216,30,121.0,4.3,84.0,healthy
P0234,57,131.0,5.9,69.0,healthy
P0244,76,109.0,4.6,79.0,healthy
P0294,32,93.0,4.1,68.0,healthy
P0079,67,142.0,6.7,65.0,at_risk
P0300,74,132.0,6.2,82.0,healthy
P0082,36,149.0,5.4,64.0,at_risk
P0047,28,114.0,5.2,81.0,healthy
P0015,72,120.0,5.3,68.0,healthy
P0187,63,142.0,6.5,70.0,at_risk
P0154,54,125.0,5.5,58.0,healthy
P0060,69,146.0,5.4,82.0,at_risk
P0263,55,77.0,4.3,80.0,healthy
P0144,32,108.0,4.6,79.0,healthy
P0279,78,116.0,4.8,75.0,healthy
P0148,29,130.0,5.4,72.0,healthy
P0117,55,127.0,5.3,96.0,at_risk
P0105,46,126.0,5.5,76.0,healthy
P0233,50,117.0,4.9,62.0,at_risk
P0231,66,98.0,4.4,74.0,healthy
P0271,33,120.0,5.4,71.0,at_risk
P0242,69,104.0,4.2,85.0,healthy
P0043,59,118.0,4.1,76.0,healthy
P0296,81,95.0,4.2,78.0,healthy
P0177,82,113.0,5.1,76.0,healthy
P0069,27,103.0,5.2,72.0,healthy
P0050,77,120.0,5.5,70.0,healthy
P0220,72,135.0,6.1,85.0,at_risk
P0278,59,130.0,5.0,68.0,at_risk
P0116,29,117.0,5.1,62.0,healthy
P0058,80,125.0,5.2,71.0,healthy
P0009,56,61.0,3.5,97.0,healthy
P0289,63,108.0,6.0,76.0,at_risk
P0053,41,114.0,5.1,75.0,healthy
P0166,55,107.0,4.5,67.0,healthy
P0175,69,109.0,5.4,73.0,healthy
P0225,61,119.0,5.5,75.0,healthy
P0156,34,137.0,5.5,74.0,healthy
P0172,59,111.0,5.4,81.0,healthy
P0059,82,123.0,5.2,63.0,healthy
P0022,47,108.0,4.5,68.0,healthy
P0003,31,113.0,4.8,86.0,healthy
P0212,50,127.0,6.3,64.0,healthy
P0185,27,139.0,5.8,77.0,healthy
P0155,27,130.0,4.5,74.0,healthy
P0284,29,122.0,5.2,86.0,healthy
P0123,65,134.0,5.2,91.0,at_risk
P0223,66,126.0,7.0,78.0,at_risk
P0156,34,133.0,5.0,91.0,healthy
P0115,30,121.0,5.0,69.0,healthy
P0109,64,159.0,6.9,68.0,at_risk
P0142,79,101.0,4.0,77.0,healthy
P0189,75,117.0,4.5,96.0,healthy
P0138,79,128.0,5.6,69.0,at_risk
P0246,33,118.0,5.0,74.0,healthy
P0223,66,157.0,5.8,68.0,at_risk
P0079,67,134.0,6.1,78.0,at_risk
P0276,71,124.0,5.7,71.0,healthy
P0218,67,111.0,4.7,75.0,healthy
P0233,50,112.0,5.3,71.0,healthy
P0048,35,143.0,5.9,77.0,at_risk
P0018,76,126.0,6.5,82.0,at_risk
P0044,84,131.0,5.9,68.0,at_risk
P0107,59,136.0,5.2,100.0,at_risk
P0144,32,124.0,5.9,75.0,healthy
P0031,25,105.0,6.0,64.0,healthy
P0139,33,116.0,6.4,47.0,healthy
P0069,27,118.0,4.6,71.0,healthy
P0161,31,100.0,4.9,82.0,healthy
P0159,46,118.0,4.6,72.0,healthy
P0100,60,125.0,5.2,82.0,at_risk
P0031,25,110.0,5.4,79.0,healthy
P0209,32,112.0,5.0,91.0,healthy
P0193,70,106.0,5.2,76.0,healthy
P0240,25,140.0,5.8,90.0,healthy
P0275,41,116.0,5.0,74.0,healthy
P0129,41,118.0,4.8,72.0,healthy
P0157,40,128.0,5.5,81.0,healthy
P0255,25,122.0,5.8,78.0,healthy
P0019,49,106.0,5.0,86.0,healthy
P0034,41,118.0,4.8,79.0,healthy
P0195,54,124.0,5.5,69.0,healthy
P0234,57,121.0,5.4,79.0,healthy
P0148,29,129.0,5.3,92.0,healthy
P0027,54,117.0,5.4,76.0,healthy
P0208,71,107.0,3.8,82.0,healthy
P0138,79,138.0,6.2,68.0,at_risk
P0087,43,97.0,4.4,73.0,healthy
P0032,43,120.0,5.6,81.0,healthy
P0175,69,122.0,5.1,63.0,healthy
P0089,56,117.0,4.9,71.0,healthy
P0198,28,124.0,5.5,79.0,healthy
P0283,80,114.0,4.8,69.0,at_risk
P0192,61,111.0,5.5,79.0,healthy
P0274,42,126.0,6.2,64.0,at_risk
P0165,69,118.0,5.4,68.0,at_risk
P0185,27,135.0,6.3,67.0,healthy
P0286,53,133.0,5.5,70.0,at_risk
P0076,79,125.0,5.9,79.0,at_risk
P0021,53,116.0,5.6,67.0,healthy
P0135,38,95.0,3.9,84.0,healthy
P0124,48,138.0,6.3,66.0,at_risk
P0010,41,133.0,5.0,88.0,healthy
P0106,65,117.0,5.3,85.0,healthy
P0031,25,109.0,5.4,59.0,healthy
P0209,32,101.0,4.8,85.0,healthy
P0034,41,106.0,4.8,96.0,healthy
P0120,69,106.0,4.6,79.0,healthy
P0269,39,143.0,6.3,70.0,at_risk
P0156,34,129.0,5.7,84.0,healthy
P0192,61,121.0,4.9,76.0,healthy
P0209,32,107.0,4.2,67.0,healthy
P0300,74,142.0,4.9,90.0,healthy
P0054,65,147.0,6.0,84.0,at_risk
P0181,55,138.0,6.5,84.0,at_risk
P0051,41,96.0,4.1,87.0,healthy
P0265,55,125.0,5.1,85.0,healthy
P0172,59,98.0,4.7,95.0,healthy
P0183,40,120.0,4.3,94.0,healthy
P0128,68,141.0,5.9,87.0,at_risk
P0217,74,115.0,5.4,93.0,healthy
P0144,32,104.0,5.1,77.0,healthy
P0015,72,119.0,5.9,72.0,healthy
P0264,70,135.0,5.7,84.0,at_risk
P0046,43,102.0,4.9,78.0,healthy
P0054,65,142.0,5.9,56.0,at_risk
P0041,63,121.0,4.8,83.0,healthy
P0241,51,122.0,5.4,68.0,at_risk
P0231,66,108.0,5.1,75.0,healthy
P0181,55,147.0,6.0,70.0,healthy
P0114,82,107.0,4.9,71.0,healthy
P0162,67,121.0,4.9,89.0,healthy
P0157,40,128.0,5.8,71.0,healthy
P0144,32,125.0,5.0,74.0,healthy
P0082,36,132.0,4.7,68.0,healthy
P0254,75,121.0,6.4,73.0,at_risk
P0279,78,102.0,4.4,74.0,healthy
P0071,74,99.0,4.7,79.0,healthy
P0157,40,128.0,5.3,65.0,healthy
P0059,82,110.0,3.9,76.0,healthy
P0001,31,116.0,5.7,81.0,healthy
P0059,82,95.0,5.5,71.0,healthy
P0011,82,123.0,5.4,84.0,healthy
P0293,83,132.0,5.1,84.0,healthy
P0119,58,80.0,3.3,87.0,healthy
P0026,54,117.0,5.2,87.0,healthy
P0141,80,155.0,5.8,62.0,at_risk
P0297,42,106.0,5.1,79.0,healthy
P0023,50,127.0,4.4,58.0,healthy
P0196,79,107.0,4.0,90.0,healthy
P0106,65,105.0,5.6,83.0,healthy
P0217,74,117.0,5.9,79.0,at_risk
P0165,69,129.0,5.8,62.0,healthy
P0266,79,114.0,4.7,60.0,healthy
P0005,31,124.0,5.6,57.0,healthy
P0055,56,127.0,5.9,76.0,at_risk
P0013,63,94.0,4.8,64.0,healthy
P0035,55,136.0,5.4,64.0,healthy
P0200,75,122.0,5.4,75.0,at_risk
P0248,67,139.0,5.1,90.0,at_risk
P0206,84,144.0,6.3,78.0,at_risk
P0065,58,143.0,5.7,55.0,at_risk
P0038,77,126.0,6.3,68.0,at_risk
P0142,79,97.0,4.3,66.0,healthy
P0168,72,89.0,4.5,86.0,healthy
P0214,77,136.0,4.8,84.0,at_risk
P0204,44,112.0,4.5,67.0,healthy
P0262,55,112.0,5.1,71.0,healthy
P0298,66,118.0,4.8,88.0,healthy
P0164,52,122.0,4.8,74.0,healthy
P0245,36,98.0,4.7,88.0,healthy
P0174,36,128.0,5.4,79.0,healthy
P0144,32,113.0,5.2,64.0,healthy
P0049,41,118.0,6.2,91.0,healthy
P0075,78,134.0,4.8,63.0,healthy
P0067,31,155.0,6.8,73.0,at_risk
P0051,41,117.0,4.0,68.0,healthy
P0296,81,93.0,3.9,74.0,healthy
P0063,84,128.0,5.1,82.0,healthy
P0081,69,107.0,4.9,65.0,healthy
P0036,76,125.0,5.5,72.0,healthy
P0091,27,123.0,4.5,84.0,healthy
P0052,73,127.0,5.3,69.0,healthy
P0133,83,114.0,5.6,76.0,at_risk
P0003,31,130.0,5.3,82.0,healthy
P0114,82,121.0,4.9,85.0,healthy
P0223,66,152.0,7.4,65.0,at_risk
P0016,32,103.0,5.3,58.0,healthy
P0020,28,128.0,6.1,77.0,healthy
P0226,72,126.0,4.8,66.0,at_risk
P0082,36,127.0,5.3,60.0,at_risk
P0080,59,105.0,4.3,74.0,healthy
P0058,80,118.0,4.6,75.0,healthy
P0181,55,144.0,5.4,90.0,at_risk
P0066,33,103.0,4.7,85.0,healthy
P0271,33,130.0,5.9,54.0,healthy
P0088,30,106.0,4.4,108.0,healthy
P0292,60,113.0,4.3,73.0,healthy
P0163,26,148.0,5.7,65.0,at_risk
P0011,82,121.0,5.2,74.0,healthy
P0048,35,141.0,5.4,78.0,healthy
P0116,29,121.0,5.1,70.0,healthy
P0183,40,126.0,4.6,63.0,healthy
P0106,65,119.0,4.7,78.0,healthy
P0129,41,105.0,4.8,73.0,healthy
P0205,66,115.0,5.5,88.0,healthy
P0113,78,144.0,5.6,65.0,at_risk
P0062,76,112.0,4.9,78.0,at_risk
P0244,76,112.0,4.7,63.0,healthy
P0016,32,116.0,4.6,70.0,healthy
P0122,35,110.0,4.9,61.0,healthy
P0040,55,122.0,5.7,75.0,healthy
P0180,84,135.0,4.6,80.0,healthy
P0282,48,113.0,4.5,59.0,healthy
P0108,36,100.0,4.1,76.0,healthy
P0026,54,121.0,4.8,75.0,healthy
P0064,39,136.0,4.8,64.0,healthy
P0017,27,116.0,4.7,56.0,healthy
P0012,67,114.0,5.4,85.0,healthy
P0170,30,145.0,5.6,74.0,healthy
P0248,67,127.0,6.2,84.0,at_risk
P0256,50,129.0,5.7,80.0,at_risk
P0072,35,120.0,5.7,91.0,healthy
P0125,80,114.0,5.2,65.0,at_risk
P0134,77,139.0,5.3,85.0,at_risk
P0123,65,132.0,4.9,70.0,at_risk
P0280,30,100.0,4.6,62.0,healthy
P0186,73,128.0,5.8,61.0,healthy
P0088,30,99.0,4.5,79.0,healthy
P0136,53,152.0,6.0,95.0,at_risk
P0299,46,108.0,4.6,58.0,healthy
P0202,47,125.0,4.9,89.0,healthy
P0063,84,124.0,5.5,73.0,healthy
P0136,53,139.0,6.3,58.0,at_risk
P0115,30,126.0,4.7,89.0,healthy
P0034,41,132.0,5.3,80.0,healthy
P0073,65,118.0,4.4,78.0,healthy
P0286,53,129.0,5.9,61.0,at_risk
P0109,64,158.0,6.0,80.0,at_risk
P0012,67,121.0,5.9,80.0,healthy
P0161,31,116.0,4.3,84.0,healthy
P0210,54,138.0,6.1,73.0,at_risk
P0162,67,111.0,4.9,74.0,healthy
P0101,82,114.0,4.9,93.0,healthy
P0185,27,107.0,5.2,72.0,healthy
P0170,30,131.0,5.4,73.0,at_risk
P0095,57,129.0,5.5,76.0,healthy
P0040,55,105.0,5.9,67.0,healthy
P0124,48,126.0,6.8,93.0,at_risk
P0241,51,108.0,4.7,54.0,healthy
P0092,59,119.0,4.4,64.0,healthy
P0070,67,105.0,5.1,69.0,healthy
P0139,33,125.0,5.4,58.0,healthy
P0143,41,127.0,5.9,72.0,at_risk
P0076,79,119.0,4.6,73.0,at_risk
P0096,71,125.0,6.1,66.0,at_risk
P0181,55,153.0,6.2,77.0,at_risk
P0004,46,103.0,5.3,65.0,healthy
P0254,75,138.0,5.8,90.0,at_risk
P0212,50,133.0,4.9,68.0,at_risk
P0240,25,118.0,4.7,70.0,healthy
P0184,82,71.0,3.1,67.0,healthy
P0280,30,111.0,4.1,72.0,healthy
P0075,78,134.0,5.3,82.0,at_risk
P0209,32,124.0,5.0,86.0,healthy
P0068,65,129.0,5.5,76.0,healthy
P0162,67,109.0,5.0,75.0,healthy
P0184,82,82.0,3.1,71.0,healthy
P0098,83,126.0,4.8,84.0,healthy
P0038,77,125.0,6.3,80.0,healthy
P0151,65,154.0,6.0,84.0,at_risk
P0300,74,139.0,5.5,59.0,at_risk
P0029,66,138.0,5.3,70.0,healthy
P0254,75,126.0,5.7,92.0,at_risk
P0238,49,113.0,4.6,88.0,healthy
P0018,76,125.0,5.5,68.0,at_risk
P0233,50,137.0,5.5,82.0,healthy
P0075,78,121.0,6.4,68.0,at_risk
P0085,70,120.0,6.1,73.0,at_risk
P0245,36,96.0,4.9,67.0,healthy
P0084,56,123.0,5.4,83.0,healthy
P0083,71,134.0,5.9,94.0,at_risk
P0296,81,96.0,5.0,82.0,healthy
P0026,54,121.0,5.6,72.0,at_risk
P0225,61,126.0,5.1,68.0,at_risk
P0226,72,129.0,5.4,78.0,healthy
P0053,41,116.0,5.4,82.0,healthy
P0255,25,113.0,5.6,73.0,healthy
P0005,31,111.0,5.1,82.0,at_risk
P0237,80,121.0,5.3,56.0,at_risk
P0164,52,129.0,5.0,69.0,healthy
P0206,84,145.0,5.9,74.0,at_risk
P0056,82,108.0,5.2,59.0,healthy
P0055,56,120.0,5.5,88.0,at_risk
P0220,72,129.0,5.9,79.0,at_risk
P0010,41,112.0,5.6,61.0,healthy
P0129,41,129.0,4.5,58.0,healthy
P0144,32,110.0,5.1,67.0,healthy
P0111,80,139.0,5.4,79.0,at_risk
P0222,72,145.0,5.5,75.0,at_risk
P0188,53,109.0,4.7,71.0,healthy
P0242,69,104.0,4.9,79.0,healthy
P0023,50,118.0,4.4,65.0,healthy
P0196,79,109.0,4.9,69.0,healthy
P0081,69,112.0,4.0,75.0,healthy
P0133,83,110.0,4.9,67.0,healthy
P0131,44,106.0,5.2,75.0,healthy
P0266,79,116.0,5.1,86.0,healthy
P0135,38,111.0,3.8,68.0,healthy
P0172,59,126.0,5.3,73.0,healthy
P0143,41,143.0,6.3,83.0,at_risk
P0127,67,145.0,5.8,72.0,at_risk
P0156,34,131.0,5.6,78.0,healthy
P0038,77,128.0,5.5,61.0,at_risk
P0146,29,119.0,6.0,67.0,healthy
P0055,56,127.0,5.6,73.0,at_risk
P0151,65,130.0,5.5,74.0,at_risk
P0216,30,126.0,5.0,82.0,healthy
P0295,42,119.0,5.4,73.0,healthy
P0153,84,121.0,5.7,92.0,at_risk
P0296,81,96.0,4.6,85.0,healthy
P0069,27,122.0,4.8,79.0,healthy
P0026,54,108.0,5.2,74.0,healthy
P0268,53,137.0,5.0,78.0,healthy
P0034,41,125.0,5.1,69.0,healthy
P0256,50,132.0,5.3,86.0,at_risk
P0135,38,105.0,4.4,76.0,healthy
P0030,71,132.0,5.5,67.0,at_risk
P0027,54,117.0,4.4,67.0,healthy
P0100,60,149.0,6.1,77.0,at_risk
P0015,72,131.0,5.9,69.0,healthy
P0182,35,106.0,4.5,62.0,healthy
P0200,75,145.0,5.6,89.0,at_risk
P0213,25,122.0,4.9,73.0,healthy
P0168,72,109.0,4.4,85.0,healthy
P0266,79,115.0,4.7,79.0,healthy
P0135,38,102.0,5.3,68.0,healthy
P0131,44,105.0,5.1,70.0,healthy
P0298,66,122.0,6.3,64.0,healthy
P0248,67,137.0,6.3,89.0,at_risk
P0040,55,132.0,5.6,84.0,at_risk
P0263,55,82.0,4.0,76.0,healthy
P0089,56,121.0,5.7,92.0,healthy
P0022,47,108.0,5.3,70.0,healthy
P0220,72,121.0,6.0,75.0,at_risk
P0051,41,107.0,4.4,73.0,healthy
P0159,46,125.0,4.4,86.0,healthy
P0072,35,114.0,5.1,71.0,healthy
P0245,36,93.0,4.6,73.0,healthy
P0025,43,130.0,5.7,70.0,healthy
P0180,84,124.0,4.9,82.0,at_risk
P0147,32,139.0,6.6,69.0,healthy
P0180,84,117.0,5.6,98.0,at_risk
P0051,41,100.0,5.1,81.0,healthy
P0085,70,136.0,6.1,85.0,healthy
P0277,60,110.0,4.8,71.0,healthy
P0067,31,152.0,6.5,81.0,at_risk
P0263,55,102.0,4.5,80.0,healthy
P0282,48,115.0,5.2,69.0,healthy
P0115,30,123.0,4.9,60.0,healthy
P0197,77,115.0,5.6,82.0,healthy
P0056,82,94.0,4.0,77.0,healthy
P0148,29,134.0,6.1,83.0,healthy
P0113,78,124.0,5.8,63.0,at_risk
P0211,25,120.0,4.6,79.0,healthy
P0209,32,102.0,4.5,66.0,healthy
P0085,70,131.0,5.5,82.0,at_risk
P0138,79,144.0,5.7,78.0,at_risk
P0023,50,106.0,4.8,73.0,healthy
P0175,69,116.0,5.1,64.0,healthy
P0262,55,128.0,4.8,76.0,healthy
P0235,59,127.0,6.1,49.0,at_risk
P0155,27,111.0,5.0,81.0,healthy
P0175,69,107.0,4.7,78.0,healthy
P0013,63,113.0,4.9,75.0,healthy
P0131,44,118.0,5.1,73.0,healthy
P0076,79,120.0,5.8,75.0,healthy
P0283,80,113.0,4.7,81.0,healthy
P0100,60,135.0,5.1,71.0,healthy
P0005,31,120.0,6.2,60.0,healthy
P0081,69,107.0,4.5,74.0,healthy
P0117,55,140.0,5.6,67.0,at_risk
P0051,41,98.0,4.8,64.0,healthy
P0127,67,132.0,6.6,67.0,at_risk
P0199,57,111.0,5.0,79.0,healthy
P0205,66,117.0,5.8,80.0,healthy
P0232,50,141.0,5.5,84.0,at_risk
P0213,25,127.0,5.2,70.0,healthy
P0089,56,121.0,5.0,82.0,healthy
P0048,35,132.0,6.1,69.0,healthy
P0243,42,115.0,5.7,67.0,healthy
P0109,64,150.0,6.7,74.0,at_risk
P0113,78,137.0,6.1,75.0,at_risk
P0152,63,127.0,4.9,80.0,healthy
P0233,50,125.0,5.2,64.0,healthy
P0145,60,126.0,4.6,88.0,healthy
P0081,69,110.0,5.2,85.0,healthy
P0042,45,114.0,5.3,85.0,healthy
P0087,43,100.0,4.7,86.0,healthy
P0153,84,108.0,5.4,86.0,healthy
P0090,83,102.0,4.7,71.0,healthy
P0086,56,103.0,4.3,85.0,healthy
P0208,71,104.0,4.7,66.0,healthy
P0266,79,102.0,5.0,54.0,healthy
P0095,57,127.0,5.1,47.0,at_risk
P0029,66,130.0,4.9,74.0,at_risk
P0160,44,110.0,5.3,64.0,healthy
P0039,34,111.0,4.8,70.0,healthy
P0148,29,124.0,5.4,68.0,healthy
P0176,73,95.0,3.7,71.0,healthy
P0177,82,102.0,4.1,58.0,healthy
P0092,59,106.0,5.2,86.0,healthy
P0254,75,120.0,5.2,60.0,at_risk
P0219,43,110.0,6.0,74.0,healthy
P0297,42,123.0,4.7,72.0,healthy
P0261,49,132.0,5.8,74.0,healthy
P0155,27,112.0,4.9,75.0,healthy
P0062,76,114.0,4.8,77.0,healthy
P0222,72,149.0,6.8,96.0,at_risk
P0021,53,107.0,5.7,64.0,healthy
P0225,61,109.0,5.4,62.0,healthy
P0136,53,136.0,6.2,77.0,at_risk
P0158,65,134.0,5.5,60.0,healthy
P0109,64,168.0,6.5,84.0,at_risk
P0017,27,117.0,4.3,68.0,healthy
P0020,28,139.0,5.5,76.0,healthy
P0286,53,145.0,6.1,73.0,at_risk
P0148,29,128.0,5.8,81.0,healthy
P0078,58,135.0,5.8,87.0,healthy
P0001,31,127.0,5.6,71.0,healthy
P0122,35,110.0,4.3,83.0,healthy
P0147,32,126.0,5.5,56.0,healthy
P0085,70,128.0,6.8,79.0,at_risk
P0104,36,125.0,5.6,91.0,healthy
P0267,36,116.0,5.1,75.0,healthy
P0114,82,118.0,5.7,81.0,healthy
P0206,84,144.0,6.4,70.0,at_risk
P0197,77,121.0,5.3,82.0,at_risk
P0023,50,96.0,5.4,63.0,healthy
P0075,78,132.0,5.0,69.0,healthy
P0253,27,116.0,5.6,65.0,healthy
P0234,57,115.0,5.4,63.0,healthy
P0052,73,127.0,5.0,82.0,healthy
P0235,59,136.0,5.1,56.0,at_risk
P0070,67,101.0,4.1,69.0,healthy
P0210,54,154.0,6.3,89.0,healthy
P0022,47,119.0,5.4,85.0,healthy
P0249,42,123.0,6.3,77.0,healthy
P0133,83,117.0,5.0,95.0,healthy
P0104,36,124.0,5.4,77.0,healthy
P0050,77,111.0,5.2,62.0,healthy
P0153,84,114.0,5.9,88.0,healthy
P0029,66,123.0,5.2,76.0,healthy
P0182,35,122.0,6.2,82.0,healthy
P0056,82,106.0,4.0,60.0,healthy
P0297,42,111.0,4.7,89.0,healthy
P0241,51,118.0,5.7,82.0,healthy
P0272,67,136.0,7.2,82.0,at_risk
P0235,59,123.0,6.6,71.0,at_risk
P0224,44,105.0,4.1,69.0,healthy
P0251,26,102.0,4.4,89.0,healthy
P0254,75,131.0,5.9,66.0,at_risk
P0230,46,117.0,5.6,87.0,healthy
P0223,66,147.0,6.5,86.0,at_risk
P0079,67,116.0,5.8,76.0,at_risk
P0056,82,102.0,4.4,66.0,healthy
P0158,65,120.0,5.8,74.0,at_risk
P0007,40,128.0,5.3,78.0,healthy
P0180,84,111.0,5.8,67.0,at_risk
P0062,76,111.0,5.1,90.0,healthy
P0090,83,110.0,4.5,71.0,healthy
P0273,79,118.0,5.9,73.0,at_risk
P0146,29,134.0,5.6,63.0,at_risk
P0230,46,127.0,5.2,54.0,healthy
P0219,43,136.0,4.4,63.0,healthy
P0001,31,114.0,5.3,93.0,healthy
P0029,66,116.0,5.7,70.0,healthy
P0180,84,122.0,5.2,60.0,healthy
P0076,79,122.0,5.3,80.0,healthy
P0064,39,129.0,5.3,69.0,healthy
P0150,77,126.0,5.5,68.0,at_risk
P0262,55,113.0,4.9,89.0,healthy
P0257,43,122.0,4.7,84.0,healthy
P0291,43,101.0,4.7,71.0,healthy
P0079,67,124.0,5.4,67.0,at_risk
P0191,51,108.0,4.4,88.0,healthy
P0177,82,113.0,4.5,77.0,healthy
P0053,41,113.0,4.5,76.0,healthy
P0246,33,122.0,4.9,55.0,healthy
P0052,73,108.0,4.6,78.0,healthy
P0074,48,114.0,4.5,56.0,healthy
P0259,64,125.0,5.9,75.0,healthy
P0131,44,118.0,5.5,72.0,healthy
P0099,56,116.0,4.6,68.0,healthy
P0015,72,120.0,5.4,79.0,healthy
P0211,25,112.0,5.1,79.0,healthy
P0054,65,133.0,6.2,99.0,at_risk
P0141,80,130.0,5.3,68.0,at_risk
P0025,43,123.0,6.2,73.0,at_risk
P0297,42,99.0,4.9,79.0,healthy
P0249,42,136.0,6.4,66.0,at_risk
P0125,80,133.0,4.8,80.0,at_risk
P0027,54,116.0,4.8,82.0,healthy
P0215,83,103.0,4.7,85.0,healthy
P0287,25,104.0,4.2,75.0,healthy
P0182,35,119.0,4.8,85.0,healthy
P0149,37,150.0,6.5,78.0,at_risk
P0030,71,128.0,6.2,96.0,healthy
P0215,83,101.0,4.3,67.0,healthy
P0242,69,104.0,4.5,74.0,healthy
P0002,25,115.0,5.2,77.0,healthy
P0110,59,111.0,3.8,83.0,healthy
P0183,40,98.0,5.2,67.0,healthy
P0201,30,102.0,4.5,69.0,healthy
P0136,53,139.0,6.3,69.0,at_risk
P0198,28,109.0,5.5,53.0,healthy
P0088,30,111.0,5.3,73.0,healthy
P0293,83,118.0,5.0,87.0,at_risk
P0077,59,103.0,5.0,58.0,healthy
P0033,84,122.0,5.1,64.0,healthy
P0075,78,127.0,5.6,75.0,at_risk
P0067,31,138.0,6.4,70.0,at_risk
P0269,39,136.0,6.1,75.0,at_risk
P0132,48,119.0,4.3,85.0,healthy
P0234,57,116.0,4.2,63.0,at_risk
P0062,76,112.0,4.8,76.0,healthy
P0259,64,116.0,5.2,82.0,healthy
P0292,60,99.0,4.7,62.0,healthy
P0086,56,122.0,4.3,96.0,healthy
P0102,44,126.0,6.1,72.0,at_risk
P0110,59,104.0,4.7,91.0,healthy
P0116,29,126.0,4.7,77.0,healthy
P0216,30,116.0,5.2,66.0,healthy
P0192,61,100.0,4.4,64.0,healthy
P0254,75,125.0,5.4,81.0,at_risk
P0119,58,81.0,3.3,78.0,healthy
P0268,53,133.0,5.8,67.0,healthy
P0243,42,122.0,6.0,48.0,healthy
P0201,30,99.0,4.0,72.0,healthy
P0036,76,125.0,5.1,72.0,healthy
P0073,65,101.0,4.9,60.0,healthy
P0014,81,128.0,4.9,83.0,healthy
P0281,41,146.0,5.5,87.0,healthy
P0291,43,113.0,4.9,75.0,healthy
P0097,69,110.0,4.9,79.0,healthy
P0183,40,124.0,5.2,85.0,healthy
P0234,57,113.0,5.3,86.0,healthy
P0233,50,111.0,5.8,83.0,healthy
P0269,39,127.0,5.7,81.0,at_risk
P0095,57,117.0,5.9,93.0,healthy
P0169,38,123.0,6.2,66.0,healthy
P0186,73,129.0,5.0,65.0,at_risk
P0277,60,113.0,5.4,72.0,healthy
P0176,73,98.0,3.5,71.0,healthy
P0214,77,128.0,5.4,68.0,at_risk
P0128,68,129.0,6.2,67.0,at_risk
P0200,75,133.0,5.1,62.0,at_risk
P0075,78,139.0,6.2,86.0,at_risk
P0288,50,116.0,4.6,56.0,healthy
P0219,43,127.0,5.6,69.0,healthy
P0101,82,125.0,5.9,91.0,at_risk
P0281,41,143.0,5.9,57.0,healthy
P0141,80,141.0,5.6,66.0,at_risk
P0125,80,124.0,4.6,67.0,healthy
P0139,33,118.0,5.6,72.0,healthy
P0129,41,130.0,5.8,73.0,healthy
P0190,73,118.0,4.3,67.0,healthy
P0102,44,128.0,5.9,85.0,healthy
P0173,40,130.0,5.6,85.0,healthy
P0062,76,114.0,5.8,71.0,healthy
P0198,28,140.0,5.2,73.0,healthy
P0157,40,125.0,5.7,85.0,healthy
P0154,54,127.0,5.1,71.0,at_risk
P0179,56,136.0,6.7,64.0,at_risk
P0202,47,109.0,4.7,77.0,healthy
P0221,82,116.0,5.0,68.0,healthy
P0282,48,116.0,5.0,80.0,healthy
P0099,56,115.0,4.9,54.0,healthy
P0127,67,140.0,6.7,72.0,at_risk
P0031,25,123.0,4.7,67.0,healthy
P0034,41,131.0,5.1,79.0,healthy
P0238,49,129.0,4.6,73.0,healthy
